1	Tennessee.
1	Punyeta!
1	Fal·làcies:
1	Diable!
1	València:
1	Resolt!
1	Mentia.
1	Turner.
1	Junts.
1	Déu!
1	Veu?
1	Formació.
1	Senyora.
1	Mindanao.
1	Entesos!
1	Compreneu?
1	Àcids:
1	Fem-ho.
1	Virgínia.
1	Ballem.
1	Mai.
1	Segona.
1	Calleu!
1	Belize.
1	Califòrnia.
1	Tu.
1	Imagina't!
1	Somric.
1	Absolutament.
1	Suposo.
1	Deixeu-me!
1	M'avergonyeixes.
1	Disculpeu-me.
1	Suplent:
1	Oahu.
1	Menut.
1	Malawi.
1	Foscor.
1	Torna.
1	Terrible.
1	Aparteu-vos!
1	Proteïnes:
1	Detonació:
1	Sí?
1	Res.
1	Literalment.
1	Dones?
1	Croàcia.
1	Mireu!
1	Ui!
1	Venjança!
1	Covard!
1	T'imagines?
1	L'enhorabona.
1	M'entenen?
1	Fiji.
1	Petició:
1	Zas!
1	Hola?
1	Meravellós.
1	Alaska.
1	Molta.
1	Provem-ho.
1	Setúbal.
1	Socors!
1	Para!
1	Ximpleries.
1	Tot?
1	Res?
1	Vesteix-te.
1	A:
1	Uix!
1	Perdoni?
1	Realment.
1	Eh?
1	Guaita!
1	Guernica.
1	Recerca.
1	nou
1	Vés-te'n!
1	On?
1	Zero.
1	Quinten.
1	Dóna-me-la.
1	Espera.
1	Hongria.
1	Lladres!
1	Tara.
1	Comunica't.
1	Buit.
1	Correcte.
1	Igual.
1	Madagascar.
1	Suava.
1	sentence
1	Masia.
1	Tinta:
1	Càritas.
1	Parasimpàtic:
1	Clarejava.
2	Després, res.
2	A reveure!
2	Vegeu registres.
2	És hermafrodita.
2	Venim d'Aigües.
2	Teresa Duran.
2	Vaig vacil·lar.
2	O no?
2	En resum.
2	Tenen secrets.
2	Què passa?
2	És ell.
2	Era buida.
2	Estava bé!
2	Era pagà.
2	Nova York.
2	Un silenci.
2	És ella.
2	Escut tallat.
2	És cert?
2	Filipista mallorquí.
2	Dissenyadora gràfica.
2	Segon acte.
2	Feia calor.
2	La coneixes?
2	D'origen musulmà.
2	En res.
2	Per força.
2	Barregeu-ho tot.
2	Què pretenia?
2	Quina ximpleria!
2	Doncs bé!
2	Van callar.
2	Està malalta?
2	Joaquim Cervera.
2	Venim d'Altea.
2	Crític d'Art.
2	El coneixes?
2	És horrorós.
2	Era impossible.
2	Jardí tancat.
2	Volia veure't.
2	Decideix adoptar-la.
2	Fulles compostes.
2	Venim d'Alcanó.
2	Qui ets?
2	Venim d'Elda.
2	I fixa't!
2	Què faig?
2	Milà, Itàlia.
2	Sigueu lliures!
2	Està viu!
2	L'idil·li nou.
2	Que estrany.
2	Se n'enamora.
2	Aleshores, què?
2	Plats combinats:
2	Fou enderrocada.
2	Afegits neoclàssics.
2	Finestres falses.
2	Absis poligonal.
2	Santa nit.
2	Tercera proposta.
2	Creixen ràpidament.
2	Déu existeix?
2	Són monògams.
2	Principat d'Hyderabad.
2	Elisa Masriera.
2	No s'amoïni.
2	Flors grogues.
2	En vols?
2	Menys resistent.
2	Vegeu pèntode.
2	Sembla mentida!
2	Cinquena votació.
2	I ell?
2	Alguns exemples.
2	La por.
2	D'origen hutu.
2	Continua component.
2	Venim d'Isòvol.
2	Produeix cremades.
2	Absència d'escates.
2	On està?
2	Alguna pregunta?
2	Venim d'Espolla.
2	Jerusalem Est.
2	Venim d'Argentona.
2	No creus?
2	Ben fet.
2	No pateixis.
2	Venim d'Albocàsser.
2	República Centreafricana.
2	Qui més?
2	Sóc feliç.
2	El poble.
2	Almogàver, Moderna.
2	S'empassa saliva.
2	Caritat desordenada.
2	Nosaltres també.
3	Gelera del Canigó.
3	Anem a Aldover.
3	No té sentit.
3	Fan dues postes.
3	Austràlia i Indonèsia.
3	Ningú la vol.
3	Tinc una cosa!
3	Explica'm una història.
3	L'enemic va avançar.
3	Visca la Pepa!
3	Venim de Martorelles.
3	Demografia de Palol.
3	No només això.
3	Anem a Miralcamp.
3	Venim de Banyoles.
3	Anem a Benigembla.
3	Anem a Alfafar.
3	Què he fet?
3	Washington, casa meva.
3	Anem a Castelldans.
3	Va tenir Egist.
3	Anem a Vila-seca.
3	Arkansas i Oklahoma.
3	Aporta autorització temporal.
3	Anem a Domenyo.
3	Venim de Petra.
3	Tenen sinagogues pròpies.
3	Anem a Maials.
3	Ha sofert transformacions.
3	Criden el revisor.
3	Venim de Benijòfar.
3	Venim de Figueres.
3	No tinc temps.
3	També és comestible.
3	Premien sardanes originals.
3	Venim de Bunyola.
3	Anem a Almassora.
3	Anem a Vilamarxant.
3	Se'n desconeix l'existència.
3	Hola, bon capvespre!
3	Anem a Calders.
3	Dues unitats, núm.
3	Anem a Castellcir.
3	No tingueu por.
3	Alguns autors l'ometen.
3	El març marceja.
3	He tingut por.
3	Anem a Palafolls.
3	De què parlem?
3	Anem a Benidoleig.
3	Venim de Deltebre.
3	Anem a Culla.
3	Me n'haig d'anar.
3	Perquè no l'estimo.
3	Tanca el llum.
3	Venim de Cervera.
3	Venim de Calders.
3	Anem a Lladó.
3	Tenia visió espectacular.
3	Dispara el caçador.
3	Una cosa així.
3	Tot anirà bé.
3	Tenen activitat diürna.
3	Produeix àcid butíric.
3	Control del furtivisme.
3	Carolina del Sud.
3	Practica el taekwondo.
3	Venim de l'Eliana.
3	Venim de Llucena.
3	Pobre de mi!
3	Venim de Cistella.
3	Produïa força gra.
3	Un vocabulari específic.
3	Engega la calefacció.
3	Desenvolupa la pasteurització.
3	L'ermita està arruïnada.
3	Anem a Garrigoles.
3	No, i ara!
3	Anem a Cabanelles.
3	Anem a Alcoleja.
3	Com t'ho diria?
3	Toponímia d'El Carrascal.
3	Anem a Olvan.
3	Pren valor simbòlic.
3	Planta del soterrani:
3	Vaig ser jo.
3	Anem a Otos.
3	Ho vull saber.
3	Va morir ofegat.
3	Venim de Salomó.
3	Als anys vuitanta.
3	Escull la segona.
3	No està habitada.
3	Una obra d'art.
3	Anem a Cambrils.
3	També fa cors.
3	Va ser Philby.
3	Anem a Pinet.
3	Anem a Quart.
3	Maria de Claret.
4	Conté algunes pintures interessants.
4	El sostre sembla pla.
4	Representa al poble suís.
4	Vegeu comtat de Laval.
4	Hi ha una terminal.
4	Finestres sageteres il·luminen l'interior.
4	Actualment n'és la líder.
4	Literalment significa ""la veritat"".
4	Es troba a Borneo.
4	Ara ja no m'importa.
4	Es mesura en kèlvins.
4	L'interior està pràcticament destruït.
4	Daus de moniato arrebossat.
4	Els murs són arrebossats.
4	Anem a Corbera d'Ebre.
4	Fou mariscal de França.
4	Bermuda, Bahames i Mèxic.
4	No van deixar fills.
4	Gent a una biblioteca.
4	Són però, molt fràgils.
4	Era un reconegut exorcista.
4	L'autor no és conegut.
4	Morí per aquest temps.
4	L'interior ha estat restaurat.
4	Va néixer a Versalles.
4	Has estat estranyament importú.
4	Espero que estiguis bé.
4	La capital fou Pavia.
4	Antena Local de Mollet.
4	És un migcampista defensiu.
4	Monestirs femenins a Catalunya.
4	Quina fresca més agradable.
4	És ovípar i monògam.
4	Venim d'Arenys de Mar.
4	No es va moure.
4	Després retornà a Pàdua.
4	Morí després d'una descompensació.
4	Té un cos adossat.
4	Tenia llavors un successor.
4	Ell és molt alt.
4	És una espècie rara.
4	Foren cent nens portats.
4	Façana original possiblement simètrica.
4	Vegeu golf de Sirte.
4	Glosador, poeta i dramaturg.
4	Tot a partida única.
4	Distingit productor i comunicador.
4	Va marcar un gol.
4	Les fonts s'ordenen jeràrquicament.
4	També eren bons cistellers.
4	Allò estava mal fet.
4	Surt disparat de l'escriptori.
4	Es respectà la façana.
4	Fou una estació comercial.
4	On viuen les guineus?
4	Deixeu-lo refredar i peleu-lo.
4	Film cru i curiós.
4	I el continua tenint.
4	Fou un notable paisatgista.
4	Gestionarà el mercat setmanal.
4	L'origen evolutiu és variat.
4	Els comptes tenen discrepàncies.
4	Agafa diferents noms regionals.
4	Es nodreix de zooplàncton.
4	Les orelles són curtes.
4	El viatge era llarg.
4	No té gran història.
4	No tenen número d'opus.
4	Travessa tot l'Oceà Àrtic.
4	No anirem al ball.
4	La capital era Besançon.
4	Hi ha ramaderia ovina.
4	Aquestes peces estan desaparegudes.
4	Predomina el material volcànic.
4	Qui necessita una bossa?
4	Masia de dos cossos.
4	Antiga estació de trens.
4	Anem a tota vela.
4	Edifici de tres cossos.
4	No hi fa res.
4	Dues línies laterals contínues.
4	Però no ho fa.
4	Estava concentrat en l'acte.
4	No existeixen tals documents.
4	D'una nau, planta rectangular.
4	Jo hi estic d'acord.
4	Destaquen també les fonts.
4	S'hi celebren aplecs comarcals.
4	Ponen un únic ou.
4	Tornà, però, a Vic.
4	És esmentat per Heròdot.
4	Qui és amo, governa.
4	Això és ben cert.
4	Bou vell, ratlla dreta.
4	Es troba en ruïnes.
4	Té importants colònies d'ocells.
4	Ha il·lustrat diversos llibres.
4	És un meteoròleg espanyol.
4	Ell no va contestar.
4	No sabia què fer.
5	Membre de Barcelona en Comú.
5	És un endemisme de Sud-àfrica.
5	Algunes d’aquestes peces presenten retocs.
5	Com més vi més doctes.
5	El canvi és, doncs, palès.
5	Els vicis no necessiten mestre.
5	El febrer ja és jornaler.
5	La zona septentrional és pantanosa.
5	Caldera vella, bony o forat.
5	Es tracta d'una construcció civil.
5	Venim de Vilanova de Segrià.
5	Hi existeixen molts pocs avui.
5	Atreia visitants dels pobles veïns.
5	Es reuneixen a temples maçònics.
5	Quatre estudiants en una classe.
5	Normalment són de colors vistosos.
5	Més val perdre que besperdre.
5	Requeria un servidor d'arxius especialitzat.
5	Normalment, aquests procediments són heurístics.
5	També en jaciments sedimentaris metamorfitzats.
5	Tenia uns deu mil habitants.
5	N'hi ha de diferent gramatge.
5	La torre ha estat escapçada.
5	És considerada una espècie invasiva.
5	No se'n coneix cap subespècie.
5	És, doncs, la mateixa obra.
5	És un aminoàcid no essencial.
5	Us demano per ma mare.
5	Està agermanada amb Castelldefels, Catalunya.
5	L'època de construcció és incerta.
5	Li dóna les arracades: reviu.
5	Ara sí que va lleuger.
5	L'envolta un mur de pedra.
5	Es troba ubicat a Peabody.
5	La decoració és d'estil barroc.
5	Quina heurística s'està fent servir?
5	S'hi troba l'ajuntament del municipi.
5	L'aspecte de l'eruga es desconeix.
5	Ella va fer que no.
5	Anem a l'Alcúdia de Veo.
5	Generalment s'utilitza per moldre blat.
5	Finalment, però, superen la prova.
5	No era la meva intenció.
5	L'accident va fer quatre morts.
5	La tercera secció discuteix l'Anticrist.
5	Anem a Sot de Xera.
5	Aquest no és l'estat normal.
5	Dissabte comença la Festa Major.
5	Sembla que provenia de Cervera.
5	Poden ser realista o icònica.
5	El noi havia conegut l'alquimista.
5	El Valhalla rep altres noms.
5	S'hi han trobat restes medievals.
5	Sèrbia i, possiblement també, Albània.
5	Però no s'ha utilitzat massa.
5	Se'l considera proper al govern.
5	D'aquí el terme hipercàpnia permissiva.
5	Rebutjà el sol·licitant amb crueltat.
5	Aquesta regió era densament poblada.
5	S'alimenta principalment de vegetació verda.
5	Està fet de pedra tallada.
5	Són endèmics d'Amèrica del Sud.
5	Els arcs eren de totxanes.
5	Calla tu i callaré jo.
5	On es farà, la cerimònia?
5	Viu en zones d'aigües dolces.
5	L'expansió de l'espai pel destinatari.
5	Té la doble nacionalitat italiana.
5	L'interior ha estat reformat tardanament.
5	El mateix s'aplica al Brasil.
5	Són persones amb molts contactes?
5	Cereals, vi, fruita i hortalisses.
5	Només sobreviuen els darrers dos.
5	Només se'n conserven unes ruïnes.
5	Es reprodueix en basses temporals.
5	També especifica l'isoespín del mesó.
5	Es mou amb força agilitat.
5	És oposat als Verds Ecologistes.
5	Representa també l'illa de Brasil.
5	Era fill d'una família benestant.
5	Els peduncles estan densament llanuts.
5	I així comencen a assajar.
5	Els fèmurs anteriors estan engruixits.
5	Els gats sempre cauen plantats.
5	El coll, llarg i elegant.
5	És el ressorgiment de Chaplin.
5	Què vol que li digui?
5	Poc després ocuparen també Màlaga.
5	Són eines del canvi identitari.
5	Es considera un evangeli apòcrif.
5	És una forma d'indicar direccions.
5	Les cinc grans estan habitades.
5	Les fulles normalment són suculentes.
5	Venim de Torres de Segre.
5	Ha estat doblada al Català.
5	Inclou mostres de cèdules diverses.
5	Va néixer a Madrid, Espanya.
5	Guardava fidelitat al seu record.
5	Sol blanc, senyal de fang.
5	Venim de la Vall d'Alcalà.
6	Llicenciada en medicina, s'especialitzà en pediatria.
6	Està dedicada actualment a Sant Gabriel.
6	Establert a Atenes hi féu deixebles.
6	El terreny és pissarrós i muntanyenc.
6	Conté alcaloides verinosos per al ramat.
6	És endèmic de la península Ibèrica.
6	L'escut carrega sobre un cartutx d'or.
6	Estan bastides amb pedruscall i morter.
6	L'efecte combinat redueix la pressió arterial.
6	En alguns casos no funciona bé.
6	Té la seu a Indianapolis, Indiana.
6	Dona i vidre, sempre en perill.
6	La companyia guanyadora rep un rem.
6	L'objectiu és fer-lo pujar de nivell.
6	Existeixen tallafocs naturals, artificials o creats.
6	Té també una gran indústria pesquera.
6	Doctor en Ciències Econòmiques i Empresarials.
6	El vi fa sant el vell.
6	Taylor utilitza un gong i timbals.
6	Els matacans són senzills i dobles.
6	Es capbussen i neden sota l'aigua.
6	Al nord-oest corre el Riu Han.
6	Aquesta òrbita té cap versió radial.
6	Amb aquests dos, tot és possible.
6	Si veieu un pinsà, fred farà.
6	Ací voldria veure jo els impius.
6	El pescador, la mar el governa.
6	Són usats per aplicacions de control.
6	Són un tipus de planta trampa.
6	Vivia habitualment a Vilassar de Mar.
6	Ells reben una compensació per assistència.
6	L'acusació va ser desmentida per l'empresa.
6	De ponent, ni aigua ni vent.
6	Menjava detritus, algues i d'altres plantes.
6	S'atorga generalment pels serveis públics prestats.
6	Guatemala i Nicaragua es van classificar.
6	Fou un terme utilitzat per Plutarc.
6	Altres historiadors sostenen un origen escandinau.
6	Probablement parlaven una llengua iraniana oriental.
6	Es troba a les illes Seychelles.
6	Va tenir enfrontaments amb els arrians.
6	Les construccions annexes són molt posteriors.
6	Aquesta és, però, la més sencera.
6	Convé destacar, però, una absència significativa.
6	La bandera provincial madrilenya era verda.
6	Venim de Sant Antoni de Vilamajor.
6	Ús lliure per a fins acadèmics.
6	Les ales es doblegaven cap enrere.
6	Mata el garrí per Sant Martí.
6	Al costat trobem l'entrada al convent.
6	Es descobrí a l'observatori el Palomar.
6	S'exposa en el Museu Sorolla, Madrid.
6	Habita a Camerun, Gabon i Nigèria.
6	Canta en anglès i en francès.
6	Però et pots imaginar el panorama.
6	Anem a Sant Esteve de Palautordera.
6	En ambdues quedà eliminada en sèries.
6	Es troba a Malàisia i Borneo.
6	Aquesta idea l'has agafada dels retòrics.
6	Es troba a Àsia i Oceania.
6	És esmentat com l'autor d'estàtues d'atletes.
6	El finès s'escriu amb l'alfabet llatí.
6	Els marges són dentats i espinosos.
6	No tenien clans ni practicaven l'agricultura.
6	Posteriorment, desenvolupà llocs d'importància a l'exèrcit.
6	Té dos fills, Gilbert i Percy.
6	També hi ha oportunitats d'aprenentatge independents.
6	Cleodaeus tenia un heròon a Esparta.
6	El gènere és endèmic de Brasil.
6	Hauríeu de venir al nostre bàndol.
6	L'estació de Norbiton té dues andanes.
6	Molts assecadors s'han convertit en cases.
6	És un indicador d'alguna cosa disponible.
6	Es troba en força mal estat.
6	Ara és una ruïna parcialment restaurada.
6	Sortia els diumenges en format foli.
6	L'activació per telèfon no està disponible.
6	Ja tenim ací un home satisfet.
6	El musell és ample i arrodonit.
6	Representa simbòlicament el poble grec sencer.
6	És un arbust intricat molt espinós.
6	Designada segons el principat de Rochefort-en-Yvelines.
6	La Societat antroposòfica va créixer ràpidament.
6	Es difongué ràpidament per tot Catalunya.
6	Recorregué totes les grans biblioteques d'Europa.
6	Va escriure novel·les, poesia i assaig.
6	Aquestes muntanyes submarines estan totalment submergides.
6	El nucli actual és d'origen baixmedieval.
6	Va estar implicat amb diversos negocis.
6	El seu emblema era un capricorn.
6	La fusta d'aquesta porta és nova.
6	Viu a Mauritània i el Marroc.
6	Era considerada una pena especialment infamant.
6	Sense barbetes sensorials ni aleta adiposa.
6	També solia oferir abundants cròniques taurines.
6	Premi patrocinat per la Fundació Locus.
6	Estava especialitzat en temes de geografia.
6	Pot arribar a provocar la mort.
6	En altres casos l'estigma és sèssil.
6	Es casà al cap de poc.
7	La competició es divideix en diverses categories.
7	També és utilitzada en certs cotxes oficials.
7	En alguns aspectes recorda l'art dels infants.
7	Obertures en façana petites i de pedra.
7	La composició d'ambdues agrupacions era molt diferent.
7	Normalment es començava a pintar pel cel.
7	El dolor abdominal és un problema comú.
7	Després s'hi afegí l'explotació avícola i ramadera.
7	És l'actual seu de la Biblioteca Valenciana.
7	És una compilació dels seus escrits anteriors.
7	Menja insectes i matèria vegetal, incloent-hi algues.
7	A la rodalia s'hi cultiven els cereals.
7	Fou internacional amb la selecció de Portugal.
7	Està adaptat a créixer en un contenidor.
7	Val més la vida que el menjar.
7	Melleny Brown va néixer a Toronto, Ontario.
7	Es lliura en novembre de l'any respectiu.
7	Les cobertes són de lloses de pissarra.
7	Està situat al sud de la ciutat.
7	La curiositat de ton fill és inconvenient.
7	També en va escriure unes regles paròdiques.
7	Va mantenir el lloc durant deu anys.
7	Es va retirar amb l'ús de coronel.
7	Al sud, fa frontera amb el Sàhara.
7	En canvi, la capçada és ben vigorosa.
7	Varen seguir compromisos a Gènova i Roma.
7	En tots els casos exerceix de terminal.
7	Un cop retirat fou un destacat entrenador.
7	Per cada conferència es classifiquen vuit equips.
7	La casa va ser enderrocada poc després.
7	Aquest problema no s'ha solucionat fins ara.
7	Fidel Castro va respondre criticant aquestes informacions.
7	Des d'aleshores la Molina ha anat creixent.
7	Però la contribució de cadascú és important.
7	Era cunyat d'un comte de nom Firmí.
7	Quan va assabentar-se, va cancel·lar el partit.
7	Atenyen la maduresa sexual després d'un any.
7	Es troba a Sud-amèrica: nord del Perú.
7	Fulles gris platejat en la cara inferior.
7	Va ser fortament bombardejat durant la guerra.
7	De veritat que la Paula té polls?
7	La casa fou modificada en diverses ocasions.
7	Després d'un mes de contactes, es casen.
7	És un gran casal de planta rectangular.
7	Albert va ser un crític del positivisme.
7	Perquè vol ser sereno de vora mar.
7	Es fa servir com un insecticida biològic.
7	La seva tomba va esdevenir un santuari.
7	El seu poder i influència eren enormes.
7	Per aconseguir-lo es pot fer un curs.
7	Has de recollir la Laia de l'esplai.
7	Els troncs són relativament rectes i verticals.
7	Fou germà, per tant, de Sant Ot.
7	Les tres piques laterals estan parcialment desmuntades.
7	Els joves són alimentats pels dos pares.
7	Això no es va dur a terme.
7	Fou un destacat escriptor en llengua copta.
7	S'articula, a més, amb el cornet inferior.
7	Es caracteritza pel caràcter realista i descriptiva.
7	Discorre des de Sagunt fins a Somport.
7	Està obert al públic com a museu.
7	Representa els mesos de juny i juliol.
7	Wilson ha tingut problemes d'ansietat i depressió.
7	És molt freqüent a l'interior de ports.
7	La pedra s'utilitzava en molt poques ocasions.
7	Primer és l'obligació i després la devoció.
7	La Copa Catalunya encara s'ha de disputar.
7	Gran casa pairal de planta rectangular allargada.
7	Va ser Patrici de Parma i Venècia.
7	També és un lloc turístic molt popular.
7	Downing, però no era a la casa.
7	La insígnia se suspèn d'un galó blau–vermell–blau.
7	Al capdamunt, Dant trobarà l'accés al Paradís.
7	Més tard fou absorbit pel Banc Central.
7	L'escriptura actualment es desenvolupa principalment a l'ordinador.
7	Les golfes han estat retocades amb posterioritat.
7	Cessions de dades previstes: no n'hi ha.
7	La família es va establir a Vitòria.
7	Parteixen llavors de la ciutat en flames.
7	Juntament amb Tegucigalpa, constitueixen la capital d'Hondures.
7	Sorgeix llavors una tribu de temibles salvatges.
7	Les miniatures dels cançoners el representen així.
7	Era italià i havia nascut a Itàlia.
7	Era casat amb Cristina Chico de Guzmán.
7	Restablerta la pau, van tornar al comtat.
7	Altres vessants han obtingut menys repercussió internacional.
7	Vas insinuar que té fills seus, senyor?
7	Mai no es troba en terrenys marins.
7	El català, un cas d'èxit a Internet.
7	L'agricultura és la base econòmica del municipi.
7	Pot complementar-se amb judicis de persones alienes.
7	Si la lluna surt tapada, forta ventada.
7	El període de floració comença a primavera.
7	Pocs humans han experimentat aquestes quatre condicions.
7	Anteriorment aquest grup es considerava una subclasse.
7	Antigament, fou una propietat privada dels beis.
7	La temperatura exacta depèn de la massa.
7	Ell sempre venia els dijous havent sopat.
7	També forma part de la selecció sud-coreana.
7	Dirigirà i coordinarà la brigada municipal d'obres.
8	Les femelles tenen només una cria per ventrada.
8	Jakki ha sortit a la televisió vàries vegades.
8	La planta és rectangular i la composició simètrica.
8	El cap del districte és la sotsprefectura d'Étampes.
8	La cara, sense plomes, és de color variable.
8	En el darrer tram, cal anar a peu.
8	És una de les millors produccions del grup.
8	A aquestes estructures també se les anomena clústers.
8	Es conserva a la Biblioteca Nacional de Vietnam.
8	És una masia de planta baixa i pis.
8	Els seus estudiants l'estimaven pel seu rigor benèvol.
8	Ottewell com el seu primer editor en cap.
8	Són paràsits d'animals vertebrats, i també l'ésser humà.
8	El Politburó és nominalment elegit pel Comitè Central.
8	Mitjançant aquesta llei Octavi August fou fet patrici.
8	L'immoble destaca per la seva harmonia i simplicitat.
8	Cap d'aquestes tempestes es va convertir en huracà.
8	Viu en tota mena de boscos i sòls.
8	Hi va haver alguns arrests, però cap irregularitat.
8	Es va convertir en un pària de Hollywood.
8	La selecció es realitza per un comitè especial.
8	Ho vaig entenent amb el pas del temps.
8	La vida depèn de la transformació de l'energia.
8	Per què hi ha un munt d'espai aquí.
8	Les negres han de triar entre dues opcions.
8	Va escriure obres per a ballet i cinema.
8	Es troba al bell mig de la comarca.
8	Aquest llançaflames només es podia usar una vegada.
8	Està fabricada amb formigó reforçat d'acer o plàstic.
8	Se sol preparar amb l'ajuda d'una brotxa d'afaitar.
8	Té un jardí i diversos edificis agrícoles annexos.
8	Pel nombre total d'articles, actualment és la vintena.
8	A l'any següent va començar el Projecte Formulari.
8	Es troba una gran barreja d'elements i formes.
8	Consta de dos nivells units per una escalinata.
8	Aquests inclouen armes, eines, joies i instruments musicals.
8	Les proves observacionals no van tardar a arribar.
8	Per Sant Josep, el marduix treu el bec.
8	Els tres fills es van convertir en químics.
8	Ponen dos ous, però únicament un és viable.
8	La novel·la ja ha venut milions de còpies.
8	No sembla, però, que aquest disseny s'hagi realitzat.
8	Cada cinta és infinita en tots dos sentits.
8	Forma part del Partit de la Gran Romania.
8	L'Oceà Mundial només es veu cap a l'oest.
8	Va escriure estudis sobre esglésies i cenobis catalans.
8	D'aquest moment també es pot datar un aljub.
8	Fou al búnquer durant la Batalla de Berlín.
8	La publicació del text testimonial va ser atzarosa.
8	La torre del campanar és del mateix autor.
8	Tres anys més tard, n'esdevingué el seu president.
8	La petició d'ofertes procurarà documentar-se de forma escrita.
8	Va participar representant l'Argentina en dues Olimpíades d'escacs.
8	Va ser representant socialista a l'Ajuntament de Badalona.
8	De fet, es torna boig en un episodi.
8	Una pantalla de marca bona no falla mai.
8	El seu fill Carles Flotats també fou escultor.
8	Els altres van continuar com First Man Over.
8	Està localitzada en la part nord-central del país.
8	La llengua vehicular del Tribunal era el català.
8	És un monument declarat bé cultural d'interès nacional.
8	De jove, és atreta pel món de l'espectacle.
8	És, per tant, un dels llogarets millor comunicats.
8	A més, també hi havia noves aventures secundàries.
8	També ha de tenir suports del cigonyal reforçats.
8	Les pel·lícules es poden llogar al Video Marketplace.
8	A poc a poc anà creixent la diferència.
8	La progressió de l'estat és una funció monòtona.
8	El romboedre és un paral·lelepípede capaç d'omplir l'espai.
8	Es troba al Mar Roig, Indonèsia i Austràlia.
8	Fixeu-vos en la dimensió del dipòsit de gas.
8	Els dialectes vernaculars, però, han canviat més dràsticament.
8	Roma organitzaria periòdicament expedicions per erradicar els pirates.
8	La seva localitat tipus és al Quebec, Canadà.
8	El nom ""Clavering"" significa ""lloc on creixen trèvols"".
8	També s'especula que tingués una horticultura molt primitiva.
8	Els dies s'escurcen progressivament i les nits s'allarguen.
8	Al parc hi ha grans àrees de pasturatge.
8	Un dia sol, en la presó es passa.
8	Actualment compta amb un tren turístic de vapor.
8	La seva recerca està centrada en la cosmologia.
8	La seva identificació històrica de vegades és polèmica.
8	Molts dels oficials de més edat eren escèptics.
8	Hi resten encara dues finestres del temple primitiu.
8	La Unió americana no té enemics a combatre.
8	També es troba en arbres buits quan descansen.
8	Us protegiré, però ja saps qui sóc jo.
8	Se n'han trobat fòssils a l'Argentina i Bolívia.
8	Així la façana principal està arrebossada i pintada.
8	El pes molecular és diferent en cada cas.
8	Estava tossint i esquitxant durant tot el concert.
8	Va ser afusellat al Camp de la Bota.
8	Tracta les persones que van escriure la llei.
8	A l’esquerra una ampliació i uns coberts malmesos.
8	La coberta de la nau s'aixecà de nou.
8	Les inscripcions s'obren el dia vint-i-dos de juny.
8	És el diari dominical més antic del món.
8	Es troba a Catalunya i el País Valencià.
8	S'acaba amb un correfoc i concerts al carrer.
8	Allí va dirigir el nou departament d'Estadística Experimental.
9	Han aparegut posteriorment articles de marxandatge centrats en ella.
9	D'aquesta manera, s'aconsegueixen colors lluminosos, intensos i ben saturats.
9	Leeds és també on trobem la Leeds Elementary School.
9	Durant cinc anys viatjà amb aquesta companyia per Europa.
9	Va ser jutjat, declarat culpable de traïció i executat.
9	Cada nou dia ens convenç de la seua necessitat.
9	És identificable per la seva característica arquitectura paraboloide hiperbòlica.
9	Qui no bat pel juliol no bat quan vol.
9	Al continent americà va ser introduïda involuntàriament pels colonitzadors.
9	Fundador i col·laborador en diverses entitats catalanes de música.
9	La composició és descentrada, amb un dinamisme típicament barroc.
9	També ha fet guions per a ràdio i televisió.
9	És el club amb més títols del futbol bolivià.
9	Pertany i dóna nom al grup clorargirita de minerals.
9	La graonada és de planta octogonal amb tres graons.
9	Es troba al Mar de Timor i a Indonèsia.
9	La masia antiga ha estat convertida en un restaurant.
9	Està format per quatre grups d'arcades, totes elles apuntades.
9	Les seves històries són anècdotes de la vida quotidiana.
9	Amb tretze anys va entrar a l'Orde de Predicadors.
9	Forma part de la comarca de Ribera del Duero.
9	És sufragània de la parròquia de Sant Romà d'Anàs.
9	Casa de planta baixa i pis que fa cantonada.
9	A vegades també du un arc i un ceptre.
9	Això fa que la seva visibilitat sigui molt millor.
9	L'aigua de les atraccions s'obté directament de la mar.
9	El valor de la variable és vint-i-tres ara mateix.
9	Ocasionalment, s'ha identificat la malaltia en antílops captius immunodeprimits.
9	Sovint, al nord, eren lletges i cobertes de pèl.
9	L'horror li feia sentir el delicte amb intensitat cruel.
9	Teresa ha estudiat, a més, gamificació i narratives transmèdia.
9	Les obertures del segon pis estan tapiades amb totxo.
9	Va administrar la seva província amb integritat i energia.
9	També se l'acusava de fer comentaris incendiaris a deshora.
9	El seu nom prové d'una font local molt important.
9	Tanca la nau una reixa de ferro, d'estil barroc.
9	Va ser un comandant agressiu i no sempre cooperatiu.
9	Formà part de l'equip conegut com els poderosos magiars.
9	També dóna servei a hospitals i a famílies desafavorides.
9	El Doble Cúmul és un favorit dels astrònoms aficionats.
9	En l'absis s'obre una finestra absidal de mig punt.
9	Immediatament s'inicià una guerra civil que durà deu anys.
9	És el primer partit internacional conegut jugat a Sud-amèrica.
9	El cloquer presenta un coronament de merlets esglaonats refet.
9	El sostre tenia claraboies que deixaven passar la claror.
9	Actualment, gairebé tots els microscopis compostos professionals són binoculars.
9	Curiosament, aquest és el sentit acceptat en el Termcat.
9	Va ser president de la Societat Veneçolana de Psiquiatria.
9	Anteriorment, la província era part de la província d'Adana.
9	La mar és generosa: pren poc i dóna molt.
9	El Regne Ostrogot d'Itàlia és conquerit per l'imperi Bizantí.
9	Durant diverses dècades, els seus successors faran el mateix.
9	Sant Pere hi hauria curat miraculosament al paralític Enees.
9	Va deixar la presó de Ferozepur com un heroi.
9	Té tendència a covar i un bon comportament matern.
9	Consta de planta baixa i un pis, sense golfes.
9	L'absis és rectangular cobert també per volta de canó.
9	Viu al sud-est de Mauritània i l'oest de Mali.
9	Per descomptat, també podeu baixar-vos directament l'instal·lador d'aquesta versió.
9	La major part de l'extensió és un viaducte segmental.
9	L'assentament principal és Port Howard a la costa oest.
9	Els personatges del retrat es divideixen en tres grups.
9	Les bombes plouen en plena jungla, és de nit.
9	El grup va ser posteriorment vinculat a diversos atacs.
9	És esmentada per Heròdot com una colònia de Samotràcia.
9	Sovint s'associa amb obres progressives, polítiques o de confrontació.
9	Professionalment vinculat a la investigació, la docència i l'escriptura.
9	Un cop retirat es va dedicar a fer d'entrenador.
9	L'era de batre el blat actualment és el pati.
9	En sol matar més el febrer que un carnisser.
9	El seu hàbitat natural són les selves tropicals montanes.
9	Va ser batlle de Dalian i governador de Liaoning.
9	Hi ha diferents criteris per classificar les ràtios financeres.
9	Ingressen temporalment, permanentment o amb règim de mitja pensió.
9	Ara que hi penso, més val que t'ho digui.
9	És llicenciada en dret per la Universitat de València.
9	Diodor de Sicília li dóna el títol de rei.
9	Ha estat protegida com a bé cultural d'interès local.
9	Ara, vinga, explica'm de manera senzilla què ha passat.
9	Vivia als boscos de clima tropical i subtropical humits.
9	Des de llavors, la vida diària dels habitants canviarà.
9	És un tipus de núvol molt relacionat amb d’altres.
9	Tropical humit a la costa, amb pluges més abundants.
9	Més hi veuen quatre ulls que no pas dos.
9	Els darrers anys el grup ha estat bastant inactiu.
9	Finalment, les seves tropes envolten la fortalesa de Breslau.
9	Engloba la ciutat de Passau geogràficament en dos costats.
9	Com a resultat, fou encarregat d'entrenar físicament cadets militars.
9	També fou membre de l'Assemblea de Parlamentaris de Galícia.
9	Són plantes natives d'Europa, Nord d'Àfrica i l'Orient Mitjà.
9	També ha jugat els Jocs Olímpics en tres ocasions.
9	Es troba a Sud-amèrica: la conca del riu Amazones.
9	Ambdós tipus d'aparell consten de dos arbres o pals.
9	Va fer diverses exposicions a Reus, Barcelona i Madrid.
9	La seu del museu és la casa Palau Rabassó.
9	De fer-ho, s'arrisca a patir un atac de pànic.
9	Es troba al sud del Japó, Taiwan i Filipines.
9	La combaten els vents del nord i del sud.
9	A l'escorça hi ha una petita colònia de ratpenats.
9	Els atacs també foren un tema popular a Twitter.
10	Durant aquesta època els egipcis s'alimentaven de caça i pesca.
10	Seria l'únic que faria autocrítica i obtindria una clemència moderada.
10	Per a la foto vam posar tots a la gatzoneta.
10	Va jugar a les lligues croata, espanyola, austríaca i iugoslava.
10	Les orelles són petites i la cua és relativament llarga.
10	En qualsevol cas, la població ja existia a l'època musulmana.
10	Pot tenir un nom abans dels dos punts o no.
10	Va ser enterrat en el seu panteó familiar de Sais.
10	Els cossos alemanys de segon nivell intenten avançar per Charleroi.
10	Aquest màser, però, no podia emetre radiació de forma continuada.
10	No existeix cap pas practicable entre la llacuna i l'oceà.
10	Prop de la ciutat hi ha l'Aeroport Internacional Owen Roberts.
10	Una motllura rectilínia marca la divisòria entre els dos nivells.
10	Va treballar en una agència de publicitat a Nova York.
10	Durant el cap de setmana, va haver-hi una tibant espera.
10	Consta de planta baixa, pis i terrat amb balustrada superior.
10	La part baixa de la galeria conté actualment la sagristia.
10	La seva vida va transcórrer entre Ripoll, Barcelona i Madrid.
10	Es troba a Amèrica: conca del riu Orinoco a Veneçuela.
10	La façana és simètrica i presenta tres obertures per pis.
10	Llenya, vi, llibre i amic, el més vell, el preferit.
10	Els accents aguts successius representen els tons més baixos respectivament.
10	Està situada a l'extrem meridional del poble, el més alt.
10	Es diferencia d'altres congèneres de color clar per l'olor d'anís.
10	Mentre estava a Harvard va decidir convertir-se en actor professional.
10	Aquests inclouen ceràmica, tapissos, certs tipus de pintures i tèxtils.
10	El nom deriva d'una antiga paraula nòrdica per a marsopa.
10	Sobre el pit de l'àliga apareix l'escut dels Estats Units.
10	D'allí cal prendre un camí de terra en mal estat.
10	Mai no em va deixar -o es va deixar- abatre.
10	Va criar-se a Davos, comuna ubicada a l'est de Suïssa.
10	Aquesta divisió és la immediatament inferior a la Primera divisió.
10	Aquestes tenen diverses arcades d'obra als vessants Sud i Est.
10	La uniformització dels costums no implica l'equiparació en els recursos.
10	S'educà en el Winchester College i al Balliol College d'Oxford.
10	Quan es retira de la farmàcia es dedica a compondre.
10	És una capella d'una nau, de petites dimensions, molt reformada.
10	A la plaça de Miquel Ros s'hi obra una balustrada.
10	Ho va fer a la segona categoria de la competició.
10	La fricativa alveolar no sibilant sonora és un so consonàntic.
10	Una noia està asseguda a terra davant d'unes cabanes blanques
10	Aquí comencen a prendre partit els mims i els joglars.
10	Al principi, les òperes còmiques es componien de forma curta.
10	Casa unifamiliar entre mitgeres, de planta baixa i tres pisos.
10	A poc a poc, van sorgint a Catalunya altres equips.
10	L'estranya composició dels prions planteja l'interrogant de com se sintetitzen.
10	Un home corre una cursa mentre altres persones el miren.
10	La creu es representava de color roig o blau cel.
10	L'al·lèrgia a l'ou apareix principalment, però no exclusivament, en infants.
10	L'expressió és una metàfora i no pas una descripció científica.
10	Es convertirà en el primer actor escocès amb aquesta distinció.
10	La seva carrera abasta més de tres dècades, encara activa.
10	Posteriorment la casa va ser dividida en dos habitatges adossats.
10	Després de la revolució, es convertí en professor d'enginyeria civil.
10	De petita li agradava llegir Doctor Seuss i Langston Hughes.
10	Inicialment els doblatges per a Espanya es feien a França.
10	El propietari va començar a mantenir les divises principals disponibles.
10	Haureu d'instal·lar un còdec per reproduir aquest format de vídeo.
10	Un home està escombrant la vorera amb una escombra d'empenta.
10	Això ajuda especialment als nadons que pateixen de refredats lleus.
10	És dioica, fa les flors en inflorescències tancades dins espates.
10	Les de més renom són les situades en terrenys calcaris.
10	A la ciutat baixa s'ha trobat un temple d'estil assiri.
10	Ara moltes persones treballen en l'educació i altres serveis públics.
10	També fou nomenat fill predilecte de Sevilla el mateix any.
10	És considerada generalment com a animal antipàtic i una plaga.
10	Qui es menja els talls, que es menge els ossos.
10	Si aquestes seqüències són compatibles, la reparació sol ser correcta.
10	Antic edifici fortificat que ha estat objecte de moltes modificacions.
10	La posició del Banc Nacional Croat la determina la llei.
10	És el primer batlle de Brussel·les de la Bèlgica independent.
10	Branques que solen segregar resina de color groguenc o vermellós.
10	En retrospectiva, dos balcons podrien haver afectat l'acústica de l'Auditorium.
10	La flanquegen dues que s'interpreten com a apòstols o sants.
10	Miraculosament, la civada va créixer fins a amagar la fugitiva.
10	A la ciutat hi ha un jardí botànic únic d'Angola.
10	Sota d'ella, la temperatura continua caient, però molt més gradualment.
10	El gineceu, el més intern dels verticils florals, és monocarpel·lar.
10	Per Sant Vicenç, marxen les boires i vénen els vents.
10	El governador era també el comptable principal de la província.
10	Poc després va ser elegit com a superior dels Passionistes.
10	Va donar la seva medalla al museu del seu regiment.
10	S'interessà també per la poesia italiana, amb publicacions sobre Petrarca.
10	A la porta hi ha un interessant picador de ferro.
10	Els seus habitants es dediquen principalment a l'agricultura de regadiu.
10	El seu fruit és petit, arrodonit i groguenc o verdós.
10	En aquells moments els assistents al judici es van enfurismar.
10	El marge és solcat i molt enrotllat, sobretot de jove.
10	També pot desenvolupar-se per un element químic o compost químic.
10	Em va agradar i la vaig adoptar com a símbol.
10	Lago Vista pertany al districte escolar independent de Lago Vista.
10	L'equip de futbol del poble juga a la divisió d'aficionats.
10	Després s'han determinat milers d'estructures dels cristalls de molècules biològiques.
10	Al llarg de la seva carrera guanyà set medalles olímpiques.
10	Els seus llibres estaven editats magníficament i eren assequibles econòmicament.
10	Les parròquies estan representades per un clergue i un laic.
10	Aquest tipus de filtres té especial interès en aplicacions d'àudio.
10	La direcció inicial va estar a càrrec dels principals accionistes.
10	El principal temple dedicat a ella es trobava a Kutha.
10	Edifici civil, es tracta d'un complex recinte de cambra arrossera.
