1	Proof.
1	Definitions.
1	undefined
1	Hardwick.
1	Literally.
1	Quettehou.
1	Therapists.
1	Theirs.
1	Comment?
1	Gamble.
1	Mao"".
1	Hey.
1	Phineas.T.
1	Pitfall!
1	Allerdings.
1	Citations
1	forty-nine.
1	Acion
1	White.
1	one
1	zero
1	Odd.
1	Smile.
1	seven
1	Excuse-me...
1	There.
1	four
1	Cluck.
1	Firefox
1	Amen.
1	Recently.
1	yes
1	Hop!
1	
1	Framed.
1	Fancy-free
1	Talk!
1	Antigeny.
1	Free!
1	Website
1	Quick!
1	Gilchrist.
1	Bd.
1	Weathers.
1	Bond"".
1	Pause
1	Reno.
1	No-sir-ee.
1	Perimysium.
1	Ow!
1	method.
1	Liar.
1	Varoslod.
1	Think!
1	Arlebosc.
1	Almost.
1	Arcade.
1	Voyagers!
1	Mildura.
1	Abort.
1	Ladeuzeplein.
1	Die!
1	Beaumont-les-Randan.
1	Speed.
1	Salérans.
1	two
1	Midline.
1	Uh-huh.
1	Feynman!"".
1	Grunts!
1	Plouescat.
1	Welcome!
1	Sindhu.
1	Kettle-drums.
1	eight
1	Once.
1	points
1	See?!
1	Waterman.
1	Zhenya!
1	five
1	Thirteen.
1	Self-pity.
1	Hey
1	Shelby.
1	no
1	sponsor
1	Maijiasitini.
1	six
1	Architecture
1	eight.
1	Fontaine-Guerin.
1	Goodnight.
1	Happy.
1	Vengeance!
1	Volunteer!
1	sentence
1	Bye!
1	J.-J.
1	nine
2	Kampfgruppen""; abbrev.
2	Ask them.
2	An hotel.
2	Good morning
2	Yes, sir.
2	That’s serious.
2	God forbid!
2	Industrial services.
2	Being impertinent.
2	People walking
2	Mr./Mrs. A
2	My goddess.
2	Try again?
2	Diocesan priest.
2	Lancaster county.
2	I’m poor.
2	Sure thing.
2	President Cárdenas.
2	Call Joe.
2	You're joking!.
2	With ca.
2	Seven houses.
2	Epstein married.
2	A depression.
2	Good riddance
2	a potato.
2	Itching palm
2	Pitched battle
2	Please Postman.
2	Digital download.
2	Signed Louis.
2	The fifth.
2	Best regards.
2	Rest reassured.
2	He’s drunk.
2	Latin ""lacus"".
2	Brit Club.
2	Slow down!
2	Killing frost
2	Where's Angela?
2	Sing: Goddamm.
2	Pass along
2	Which terminal?
2	The Moment!
2	Any volunteers?
2	Pour coffee.
2	Sounds legitimate.
2	Williams, Inc.
2	Where to?
2	He frowned.
2	That's admirable
2	Unfavorable opinion.
2	“Two dollars”.
2	That’s amazing.
2	No... Nothing.
2	How scary!
2	Dim lights!
2	Terracotta Sighing
2	A pair.
2	With emphasis.
2	We’ll ask.
2	To springs
2	An hotel
2	High production.
2	Andet Bind.
2	Mareo Kamei
2	Fingers crossed!
2	We Insist!
2	Medley hotch-pot(ch)
2	Guys, please.
2	Open Facebook.
2	Many men.
2	Fritillary Butterflies.
2	Marie Railroad.
2	Enemy spotted!
2	Help please!
2	Primrose path
2	See pp.
2	Working-day world
2	Salad days
2	Don’t fuss.
2	I'm done.
2	Look, fireflies!
2	King explained.
2	One thirty-nine.
2	Probably not.
2	African-American English
2	Hajime Kanzaka
2	Stay tuned.
2	nissen huts.
2	And why?
2	Hello, world!
2	Bye-bye, sucker!
2	That's remarkable!
2	Knock, knock.
2	Behave yourself!
2	Good morning.
2	Oh, behave!.
2	Indicates contradictions.
2	Absolutely everything.
3	Why stop now?
3	The lights dim.
3	The wind drops.
3	She is superb.
3	The smaller band.
3	Very well, then.
3	James United Church.
3	Worth, Texas area.
3	'Who was Peterkin?
3	I can’t, gentlemen.
3	Just be natural.
3	Ignorance is bliss.
3	Terror and destruction.
3	The matched lovers
3	Fore-warned is fore-armed.
3	Some were beheaded.
3	He never has.
3	White's ""Charlotte's Web"".
3	Biggert won re-election.
3	What's that for?
3	Celebrate on April.
3	Albums listed below.
3	Lieutenant-General T. O.
3	No one moved.
3	Unofficial issues only.
3	General Thomas J.
3	The main Trib.
3	Crapo and G.-C.
3	It's a circus!
3	The remainder escaped.
3	Sorry, No German!
3	Elisabet and Joana.
3	Agnes Ann Parker'.
3	Wash the windows.
3	Description: photocopied documents.
3	Not upon us!
3	Vivian was acquitted.
3	Answers community guidelines.
3	It’s rather early.
3	It's the principle.
3	This is serious.
3	Emperor Mu declined.
3	Salvation after death.
3	Chess Olympiad team.
3	A promising debut.
3	Breathed his last
3	Nanumeans are Polynesians.
3	Williams claimed responsibility.
3	Her very existence.
3	He promised me.
3	Rainfall is rare.
3	Whisper or groan.
3	Selling wasn't working
3	What's New Pussycat?
3	Where's the Pope?
3	She's very secretive.
3	Raisins are delicious.
3	Lamar of Mississippi.
3	Accredited to: Michigan.
3	It was amazing.
3	It seems unlikely.
3	and co-founded Blippy.
3	Married Sarah J.
3	Beyond the foliage.
3	Burkhart of Hailey.
3	Guy Kisses girl
3	This held her.
3	Battle of Churubusco.
3	Did you check?
3	Okay, come here.
3	I saw this.
3	He shot right.
3	What I Say?
3	Cramer's Stop Trading!
3	Warsaw is ours!
3	This fiscal year.
3	Buster returns home.
3	Bosanquet of Wildwood.
3	Appoggiatura doppia""; Ger.
3	Gustavo Kuerten def.
3	No! That’s impossible!
3	It’s simply beautiful.
3	I inquired stiffly.
3	Lit., or Lit.
3	Stop mocking me.
3	We are Legion!
3	Lawyers will litigate.
3	I like breakfast.
3	Jones Metal remains.
3	I hate change.
3	Two units, nos.
3	O'Connor charity fund.
3	Roxette's Greatest Hits.
3	Let us pray.
3	I hate her.
3	What Is History?
3	Sales were anemic.
3	See potassium bromide.
3	International controversy ensued.
3	Death of Manfred.
4	Not for a minute.
4	See also chromatic circle.
4	Three people were injured.
4	Dawn"" confirmed this measurement.
4	Re-perforation requires special equipment.
4	The pedagogy changed though.
4	Play Monts Et Merveilles.
4	Not slept one wink
4	Baum was married twice.
4	But not for long.
4	This is called achromotrichia.
4	Does that suit you?
4	Cowan goes after him.
4	He missed them both.
4	“Miserable morning,” said Tom.
4	Gloria, this is Ari.
4	Compare the New Forest.
4	His works are short-lived.
4	The sky is somber.
4	The dinosaurs are breeding!
4	He lives at Strand.
4	We diluted our quality.
4	Head moderate, feebly depressed.
4	All the villagers cheered.
4	Did you get him?
4	Definitely over, is it?
4	The developers of Stars!
4	Gargan's autobiography, Why Me?
4	They are not included.
4	He earned his Ph.B.
4	The two bulls fought.
4	Climate Talks in Paris.
4	In Destroy All Humans!
4	Are you coming tomorrow?
4	Good enough for me.
4	The radical is ornithyl.
4	The sex is undetermined.
4	Things began to change.
4	Absolute power corrupts absolutely.
4	Beorhtwulf's kingship began auspiciously.
4	This was later confirmed.
4	I felt quite demoralised.
4	What's My Age Again?
4	This is your table.
4	Eels are bottom dwellers.
4	Afterwards, they became lizards.
4	The Invertebrates: A Synthesis"".
4	They have done wonders.
4	He had a mustache.
4	Medak refused to comply.
4	Commander Samuel G. Tomlinson.
4	But it's still money.
4	She sees her chance.
4	The party publishes ""Komunisti"".
4	Come here, come here.
4	Who is Mary Jordan?
4	I’m finally heading off.
4	Who invented the computer?
4	See ""British nationality law"".
4	Free admired Muhammad Ali.
4	No, I suppose not.
4	The content was nebulous.
4	This set is denumerable.
4	The priest collapsed backwards.
4	There are none left.
4	They practiced nose piercing.
4	Stanley Talbot Memorial Bridge.
4	The aperture is large.
4	He died in Geneva.
4	The trial then proceeded.
4	Only three men survived.
4	He died at Summerside.
4	He was again expelled.
4	Refer to collaborative editor.
4	Jennifer is very creative.
4	Asian waitstaff in restaurant.
4	They took several casualties.
4	You have no identity.
4	Source of Life"", cf.
4	An alliance with you.
4	Its capital is Tangiers.
4	Putti garland the window.
4	The thing's not working!
4	Rawlinson received many honours.
4	Nominalism was essentially anti-Realist.
4	Was she quite sure?
4	These activities reportedly continue.
4	Wir stechen in See!
4	It's to personalise fabrication.
4	He is a Eurosceptic.
4	Kasson, California was nearby.
4	The crosslines are weak.
4	Opening of Part Two.
4	The format did horribly.
4	Centra launched an investigation.
4	Yes, they were good.
4	The album went platinum.
4	Two complete one-hour shows!
4	They hated the missionaries.
4	Here we mention two.
5	Upon its release, International Superhits!
5	But it didn't turn out.
5	Their dialect is Austro-Bavarian German.
5	He was born in Caracas.
5	Of course, there’s the Ruff.
5	Young woman celebrating her graduation.
5	People outdoors at a park
5	He lives in Central London.
5	Fuller Cowell was named publisher.
5	Four species are currently recognized.
5	The weapons were not stabilised.
5	The removed parts are recycled.
5	“Or the shadow,” he replied.
5	Then - what on earth?
5	Cetirizine contains - and -stereoisomers.
5	I hate everything but ""Matlock"".
5	Its capital is Puerto Montt.
5	Tonight, my subject is music.
5	Marie and west towards Newberry.
5	Graham made two strides, stumbled.
5	Its county seat is Stanardsville.
5	Communications protocols are an example.
5	That's how ubiquitous Auto-Tune is.
5	Kevin Severson is her son.
5	I never could find out.
5	It is abbreviated as ""ps"".
5	That won't happen in Oklahoma.
5	She had a stepsister, Mary.
5	He died in Saint Boniface.
5	Her killer was never found.
5	The Sultan denied the claims.
5	The divers recognize a power.
5	He lives in Aptos, California.
5	Catherine Yronwode edited the series.
5	Soda is healthier without sugar.
5	He also completed several recordings.
5	The unemployment rate is alarming.
5	There were no intermediate stations.
5	D., Northwestern University; Hilliard Lecturer.
5	Harriet Spicer became Callil's assistant.
5	Wilbur Hatch supplied the music.
5	The ""panzerkeil"" achieved mixed results.
5	He was killed by Nicaea.
5	Scientists periodically examine the statuette.
5	British leukaemia is American leukemia.
5	Dennis has two side platforms.
5	Stamos also lost his appeal.
5	They live together in Boston.
5	Gomes was born in Bolama.
5	Patterson, Architect for that company.
5	What's the beam doing, Ta-Nehisi?.
5	But I am worn out.
5	Do not use this pen.
5	Two men having fun skydiving.
5	Virtual cinema is the result.
5	What’s the temperature in Lübeck?
5	This is a great inspiration!
5	Matthews later started Newbridge Networks.
5	Love him like a brother!
5	Booking and travel were in-house.
5	Filming took place in England.
5	But they loved the Guild.
5	Schmuel became Samuel, nicknamed Sam.
5	There are some ""united"" congregations.
5	Heather Blackmon is now principal.
5	You find it dull here.
5	He also instituted new programs.
5	Rolling stock is very diverse.
5	The plateau is densely forested.
5	He is an outspoken socialist.
5	The townsfolk were all chumps.
5	He plays Doctor Philip Noonan.
5	The island is largely uninhabited.
5	He was born at Dunedin.
5	Werner was born in Stockholm.
5	Image viewer software displays images.
5	Then steps approached the recess.
5	A white man playing volleyball.
5	It is a separate district.
5	The Turks suffered 'heavy casualties'.
5	Some species retain gill rakers.
5	It crosses the Ohio River.
5	Tear down all the fences.
5	Mrs. Gilbert was tremendously sorry.
5	Gleason never received an Emmy.
5	The mother is a homemaker.
5	He died in Frankfurt, unmarried.
5	Her first language is Welsh.
5	Seventeen six-minute episodes were made.
5	This is my fifth voyage.
5	Two children drink from glasses.
5	He allied Spain to France.
5	Wells-McNeil was raised in Sudbury.
5	He pieced society back together.
5	Her mother was a minister.
5	Menzies was its first President.
5	He died later that year.
5	Frosts occur almost every winter.
5	Its county seat is Chatham.
5	Du had Han Chinese ancestry.
6	There were no presets,"" said Templeman.
6	But she felt a proud woman.
6	His love of Winnie-the-Pooh is legendary.
6	a jokingly angry man holding alcohol
6	Kalajoki translates directly to ""Fish River"".
6	I never imagined anything so interesting.
6	Riddick was replaced by Frank Davis.
6	Some universities explored alternative visual layouts.
6	This division parallels the Allegheny River.
6	Robson was born in Brisbane, Australia.
6	This brought modest improvements in revenue.
6	Stibitz was born in York, Pennsylvania.
6	Hayes was born in Clanton, Alabama.
6	There he works as a mortician.
6	Graham struggled into a sitting position.
6	The current president is Son Sam-seok.
6	White declined to stand for reelection.
6	The eastern slope is not plowed.
6	The album followed three compilation albums.
6	He also wrote more anti-war poetry.
6	The fast-food chain was nearly defunct.
6	She resumed normal operations at Norfolk.
6	In females, the casque is smaller.
6	The show screened in mid afternoon.
6	He found us at a restaurant.
6	He was appointed Minister for Education.
6	He scored three World Championship points.
6	Saturation is possible about any axis.
6	A-Line"" is the most well-known track.
6	However, the Choppers suffered the most.
6	Fibrillations can occur in healthy individuals.
6	It is situated in Val Camonica.
6	And the chef is staying on.
6	He stepped down later that year.
6	Population is concentrated along the coast.
6	The community's name commemorates Independence Day.
6	Any finite-dimensional vertex algebra is commutative.
6	Tigres faced Guadalajara in the postseason.
6	These airports have Class D airspace.
6	The helicopter hovered in the distance.
6	Both are propelled by controllable-pitch propellers.
6	See connection form for more details.
6	Bolder Media produced Bob Boyle's Wow!
6	The Grand Millennium Hotel is nearby.
6	Produced by Jay Lewis and Attitudes.
6	Harry Haywood was its General Secretary.
6	Dates are given as a rule.
6	The founding director was Bob Lawrence.
6	As she wrote, Purchase it, reader.
6	The collections need not be disjoint.
6	The fallen one was never replaced.
6	Most people get something after life.
6	However, this also presented a problem.
6	I wish him all the best.
6	I have such respect for him.
6	He is one of three siblings.
6	It mostly consists of live tracks.
6	It never rains but it pours.
6	It is now used as offices.
6	Henry says, Mom, I love you.
6	Matchbox Twenty without the cross over-cheddar.
6	Bal Thackeray himself was cremated here.
6	It is now under provincial governance.
6	No place ever seemed like home.
6	The school has a long history.
6	Today, the community is primarily residential.
6	He was a completely unresponsive director.
6	The setting is shared with G-Nome.
6	Local university students study plants here.
6	Over everything she brooded and brooded.
6	Kuwait advanced to the Final Round.
6	The car is not road legal.
6	He is frank but never malicious.
6	There are numerous manufactures of accessories.
6	He was raised on Long Island.
6	Countless versions of this song exist.
6	Its name was ""Si Racha Phanich"".
6	The second one was consciously anti-beauty.
6	Michael Fitzmaurice was the program's announcer.
6	Its transmitter is located near Mercier.
6	The original county seat was Chengwatana.
6	There is also a passing loop.
6	He retires conscience-stricken from her presence.
6	It was named after Luverne, Minnesota.
6	I'm sure she'll be all right.
6	Look, the reinforcing ties have gone!
6	He was, of course, proven correct.
6	He currently resides in Topanga, California.
6	It is now provided as careware.
6	Hob's seen the brig,"" he said.
6	He resides in Barnes, south London.
6	The company's mascot is a tiger.
6	Sam Houston Johnson was an alcoholic.
6	Jones thus became the first recipient.
6	July is usually the warmest month.
6	They separated after ten years together.
6	He is related to Charles Wisoff.
6	He also pursued various diplomatic tasks.
6	He had died three days earlier.
6	Stokes has been married four times.
7	Stars"" allowed Dubstar to achieve American recognition.
7	Winters are fairly dry and very warm.
7	Similar names were used among the Sabellians.
7	He played college football at Central Florida.
7	The cottages are Tudor style and thatched.
7	Published on Lisa Jane Smith's official website.
7	The Chinese captured and occupied the islands.
7	A bypass is proposed for the town.
7	It is on display at the shrine.
7	I laid out twenty pounds upon it.
7	He was followed by Rabbi Chaim Korb.
7	Discovered and named by the Discovery Expedition.
7	He was dismissed stumped in both innings.
7	There is also a youth football side.
7	The term 'Dehotsarg' means 'leaving the body'.
7	She is sometimes confused with Saint Prisca.
7	Similarly with the higher axioms of infinity.
7	He was married and had six children.
7	That is the strange part of it.
7	A man observes antiques in a store.
7	Mauritius and Australia were subsequently brought in.
7	Both block and head are from aluminium.
7	The book also presents a new setting.
7	Henry went to sea in his teens.
7	They are always shown with cloven hooves.
7	Critical reaction to the film was positive.
7	It actually has no meaning in Cherokee.
7	Muhammad himself did not join this emigration.
7	The position is now a full-time job.
7	See the player scoot to third base.
7	However, World War One limited his activity.
7	He remains active in the Green Party.
7	Central African cooking has remained mostly traditional.
7	The Susquehanna River forms the western border.
7	This means that regular backup takes place.
7	Northampton is in the Town of Southampton.
7	Red Planet's releases are distributed by Raptivism.
7	However, the round lacked sufficient explosive power.
7	But then, really, that song is hot.
7	His daughter, Jackie Baumann, is a hurdler.
7	It is shown on Timothy Pont's map.
7	The Westminster Chronicle records his inglorious death.
7	They also produce shards cutting other materials.
7	Samuel G. French was the first postmaster.
7	Pseudorandom generators have numerous applications in cryptography.
7	To inspire, we need to work diligently.
7	The school serves all of Brookside Village.
7	Marius's and his supporter's property is seized.
7	You would be suitably compensated, of course.
7	Camelina plants are annual or biennial herbs.
7	That night, Hitu returns with a spear.
7	He was also an Amateur Radio Operator.
7	Full details are included in the appendices.
7	Each morphotype filled a specific ecological role.
7	The mayor of Gilbert is Jenn Daniels.
7	Mag wheels were firmly out of fashion.
7	A couple dances while a man sings
7	The film was directed by Michael Schultz.
7	This is known as the Maurer-Cartan equation.
7	He has three daughters and two grandsons.
7	The album was produced by Tedd Josiah.
7	He was temporarily replaced by James Horan.
7	But, however, here's five shillings for you.
7	They may sometimes peck at their reflections.
7	He appeared in two episodes of ""Kojak"".
7	Riley describes herself as a ""dedicated vegetarian"".
7	He was professor of literature and music.
7	Melrose is known as Iowa's ""Little Ireland"".
7	They then return for the second half.
7	In brackets there is the Arabic name.
7	The entire album was recorded without overdubs.
7	Rolling Stone"" gave ""Blender"" a positive review.
7	Rate A Conflict of Visions zero points
7	Espy was born in Yazoo City, Mississippi.
7	Out he comes, holding up his midsection.
7	Two boys laying tile in a bathroom.
7	The name quickly changed into Evig Poesi.
7	A documentary was made about the disaster.
7	Don't drag me into your personal problems.
7	Captain Jonathan Chapman was her first commander.
7	Currently for technical reasons they are unringable.
7	Crosby Homes constructed apartments above the space.
7	Israeli medics still wear the Magen David.
7	Candeloro has worked as a sports journalist.
7	The electronic fire-control system utilises digital maps.
7	But use them to buy your flock.
7	McCrae is known for the McCrae Lighthouse.
7	The victims included men, women, and children.
7	party of six this week in Oman
7	Tuesdays, take the cats for a walk.
7	How are you gonna let Declan win?
7	He would have passed in front us.
7	Helensburgh is the next town, travelling south.
7	She was named for Charles Henry Davis.
7	Glock's place was filled by Luca Filippi.
7	There were no more engagements that evening.
7	He was married and has three daughters.
7	After many years, Kingsbridge cathedral is completed.
7	Today, this particular use of is rare.
7	The route has remained virtually intact since.
8	The park has long been used for orienteering.
8	The street is sometimes nicknamed Little Trendy Street.
8	The call letters stood for owner Harry O'Melia.
8	Ontario has the most independent schools in Canada.
8	However, there is still a target printing size.
8	It kept continuous volume numbering throughout its history.
8	The bank dramatically increased its scale of operations.
8	You can create crowds with highly complex behaviors.
8	There were large variations in structure and size.
8	It is headquartered in the city of Towada.
8	Ryba reluctantly obeyed, but he was soon fired.
8	It was initially equivalent to one pound sterling.
8	So the boy was proud of his veteran.
8	Passengers on the train had an hour delay.
8	She was the first wife of Laurence Olivier.
8	The Paxico High School mascot was Paxico Pirates.
8	The name is derived from the Sioux language.
8	More rarely, they are shown with feathered wings.
8	In many depictions Golems are inherently perfectly obedient.
8	Tabbed browsing was more popularised in this version.
8	The Fund publishes a quarterly newsletter called Busted!
8	He later joined the Royal Ballet, Covent Garden.
8	None of them is present to greet him.
8	The billboards were approved by the federal government.
8	Chi Alpha is currently led by Scott Martin.
8	This approach avoids the introduction of typographical errors.
8	The movement also lacked cohesive goals or beliefs.
8	The times, however, were not favourable to compromise.
8	The work represents an important milestone for Caravaggio.
8	People are standing in line at a market.
8	Baby don't hurt me, don't hurt me...no more.
8	These works are preserved today only in fragments.
8	Borel resummation is probably the most well-known example.
8	Television appearances and television movies are not included.
8	She practises very constantly. So much the better.
8	He is now a lawyer and media personality.
8	Other forms can be accessed through cheat codes.
8	Reptiles, however, prospered due to specific key adaptations.
8	These camps take place during the summer months.
8	Telemeters are the physical devices used in telemetry.
8	Each town is the headquarters of its tehsil.
8	It can, however, be identified through genetic testing.
8	The year given is the year of publication.
8	This earned the team the nickname ""The Invincibles"".
8	Its shell and bridge are made of oak.
8	Her most famous pupil was arguably Colleen Moore.
8	It is the second busiest airport in Ecuador.
8	The process of transformation continues into modern times.
8	Edmund's success, however, turned the king against him.
8	I plan to have a relationship with it.
8	A quadtree is used to represent the field.
8	Help me overcome the blocking of the reader.
8	Poets are not so scrupulous as you are.
8	Transvection appears to be dependent upon chromosome pairing.
8	You can't do this to Jocko De Paris!
8	This ended the battle for all practical purposes.
8	New city reserved for the French speaking infrastructure.
8	I am speaking of the war on drugs.
8	We present an attempt at such a model.
8	He divided all basidiomycetes between these two groups.
8	It wore him out, the conflict in himself.
8	It is known locally as the Coast Road.
8	Worldwide Underground"" received generally lukewarm reviews from critics.
8	The colonists' objections were based on several factors.
8	A person who studies bacteriology is a bacteriologist.
8	That was a great advance for the lad.
8	The publication contained literary erotica and nude photography.
8	This subspecies normally inhabits woodland, heathland and farmland.
8	He was also descended from Henry the First.
8	Hall was born in Newcastle upon Tyne, England.
8	‘It’s quite dreadful,’ he said, stopping his ears.
8	At least four episodes were aired in Canada.
8	Roxton entirely surrounds the village of Roxton Falls.
8	Mujari retrieved samples and gave them to Teresa.
8	The community was named after Newark, New Jersey.
8	Then the data is specified using that code.
8	Regulation ""A"" does not feature a story mode.
8	The species are all small trees or shrubs.
8	The professional version includes the following extra features.
8	The week's tries, plus player and coaching interviews.
8	This is described as working in the s-domain.
8	David Suzuki lived for years on Bernard Avenue.
8	Its county seat and largest city is Dodgeville.
8	Target is a department store retailer in Australia.
8	It is commonly known as the ""Long Rede"".
8	The main reason is China's huge reforestation effort.
8	The series stars comedian Flex and Darryl Bell.
8	The memorial takes the form of an Obelisk.
8	Therefore, mummers everywhere were gladly welcomed and treated.
8	The village also has an association football team.
8	Clancy's later books were published by Penguin Putnam.
8	Every two years they meet in Bad Fallingbostel.
8	It was likely named after Menton, in France.
8	Call Handling is done by the Woolloongabba Exchange.
8	The group publishes a monthly newspaper, ""Freethought Today"".
8	Private Air"" was not included in this acquisition.
8	Nails are similar to claws in other animals.
8	It is found in low silica igneous rocks.
8	The two married and had a son, Ronnie.
8	Crops include apples, pears, strawberries, grapes for wine.
9	They spent their lives mostly on branch line work.
9	Either end of the straw is inserted into liquid.
9	Aero disappeared when the Czechoslovak motor industry was nationalised.
9	No other marmosine genera has this combination of characters.
9	Winter begins dry but becomes progressively wetter and cloudier.
9	Arawakan languages tend to distinguish alienable and inalienable possession.
9	Little is known about the Pointz family of Devon.
9	They also publish bootleg recordings of their own concerts.
9	The town has its own police and fire departments.
9	Left behind were mostly lower middle-class Ukrainian-Americans and Jewish-Americans.
9	With significant investment, he presided over a rebuilding phase.
9	McKinley is also second in Ohio in win total.
9	The Mark McGrath Municipal Park is in Meadows Place.
9	He is a son of the author Sloan Wilson.
9	Diab is well known for his intense body building.
9	The Knitters played their first gig at the Cathay.
9	The funds raised went to help build a museum.
9	In this approach, the quantum action is an operator.
9	Many nonreligious people are agnostic, although some are atheists
9	They have the duty to civilize the inferior races.
9	The bus stop is close to the international terminal.
9	The Dying Night"" is Asimov's third Wendell Urth story.
9	Each row can have one note in every track.
9	They lack motility and are aerobic or facultatively anaerobic.
9	The solver amassing the most points is the winner.
9	Prior to that, the Progressive Conservatives maintained a stronghold.
9	The fell has one visible connection to other fells.
9	The planned fourth volume on psychology was never written.
9	The Cobblestone Village station remains in place as well.
9	He is a member of the Higher Education Commission.
9	Many device modules offer a feature called ""local control"".
9	He was the first prominent Livonian to be christened.
9	He founded California's first Boys Club in San Pedro.
9	That will be a queer thing, to be sure!
9	Its speech synthesis was a first at the time.
9	The choice is purely the up to the listeners.
9	I'm always putting a lot of pressure on myself.
9	A state room of the Sorbonne carries his name.
9	All track on the layout is manufactured by Peco.
9	Enthusiasts and students of the concession launch off dunes.
9	Mefenamic acid is recommended to be taken with food.
9	Fainting goats have a muscle condition called myotonia congenita.
9	Clapham was one such player as he was sold.
9	The President of the College is Louis L. Levine.
9	Inside sales sometimes refers to upselling to existing customers.
9	He was the biological father of actress Gaby Hoffmann.
9	All verbs, that are strictly so called, denote energies.
9	Farming plays a large role in the area's economy.
9	Only the raccoon comes up out of the water.
9	Hunter served as the team captain for the Capitals.
9	Bours has occupied various positions in the private sector.
9	Doak, and Garfield Thomas Haywood were the initial incorporators.
9	What is misfortune, or a quarrel, or a complaint?
9	See also list of properties of sets of reals.
9	Giving the vines support is recommended, but not required.
9	Triple Crown, the Kentucky Derby and the Preakness Stakes.
9	Rupp Arena also regularly hosts concerts, conventions and shows.
9	Both political parties have candidates on the common list.
9	That made them slightly larger than the ""Iroquois""-class destroyers.
9	Most were killed by the impact of the torpedoes.
9	The department has three stations located throughout Chino Hills.
9	His cartoons combine graphic design, drawing, poetry and literature.
9	Snowfall amounts can also decrease rapidly south of Ashland.
9	It could be a criminal, violent, or ridiculous act.
9	It was also known as the Navy Pay Office.
9	The album was recorded at Randy's in Kingston, Jamaica.
9	Due to their long tradition, they are highly regarded.
9	Electrical cables transmitted electric energy to Edison-type filament lamps.
9	Felipe Colmenero writes “Discurso...” with a critic modern methodology.
9	Only recently have zoologists begun to understand their metamorphosis.
9	Providence Health and Services was established by the Sisters.
9	The area contains many species endemic to the region.
9	Student spend their breaks outside enjoying each others company.
9	She has three younger siblings, Dweezil, Ahmet, and Diva.
9	Eleanor Roosevelt opened the first account in the bank.
9	Among civilians I am what they call a ne'er-do-well.
9	In addition to reporting, Miss Silva does portrait photography.
9	It is the birthplace of former President Azali Assoumani.
9	Additional countries have shown interest in joining the work.
9	As the Pulajans rushed, waving colorful banners, shouting Tad-Tad!
9	He was buried at Woodlawn Cemetery in Miami, Florida.
9	It is the only such reactor currently in operation.
9	No one was injured and a separation was agreed.
9	Centrism is dead, and full bloodied conservatism is back...
9	“What are you thinking of, Zuzanna?” she asked sharply.
9	Clay eventually became this character full-time in his act.
9	I destroyed myself with the pressures I'd built up.
9	Malkovich has three younger sisters and an older brother.
9	He won the Norwegian cup with Skeid four times.
9	He continues to perform as Beakman in Beakman Live!
9	Salia thanks Anya for her upbringing before Anya departs.
9	Body panel is stamped different from the standard version.
9	The following localities are located within Rocky View County.
9	Over ten million copies of the song were sold.
9	Passing would now be possible inside the longer chicane.
9	The screen then returns to Hitchcock's face, now smiling.
9	Adjuvant or palliative radiotherapy is commonly given following surgery.
9	Trains stopped here by request, but never after dark.
9	It usually consists of a toothed ring and pickup.
9	Their next two albums were released on Righteous Babe.
10	For its formation, ferrochromium is added to the molten iron.
10	It yielded the critically acclaimed ""Buena Vista Social Club"" album.
10	The region is host to distinctive regional dialects and accents.
10	Modern historians however suspect the bishop was actually his son.
10	When non-fatally injured, he heals at a normal human rate.
10	In Gabon, Liberia and Togo, hunting regulations are in place.
10	It was later converted to several other racing simulation programs.
10	The violence of the Conclave escalates to a breaking point.
10	They are referred to as ""exclusive"" assignments or ""pitched"" assignments.
10	He tried to grip the door handle with both hands.
10	Everything would depend on the success of the new weapon.
10	As coldwater species, this jellyfish cannot cope with warmer waters.
10	Elsewhere, he was sent back through the gauntlet until death.
10	There have also been two imitations of Fin Fang Foom.
10	The sepals are fused at the base and frequently caudate.
10	I was the one who climbed up and got in.
10	Many comedians are against pay-to-play schemes, which they consider exploitative.
10	Kirk currently plays forward at the University of Missouri-Kansas City.
10	Why should I do this for you?"" asked the lady.
10	She hesitates, but he motions again, and she sits down.
10	Senior employees at the Survey found his behavioral oddities unsettling.
10	The two administrative regions have no jurisdiction over the parks.
10	He was a star player on the Furman football team.
10	There are day and evening sessions available in some programs.
10	Leading magical, undead, or demonic troops requires appropriate magical skills.
10	French philosopher Jacques Derrida favoured ""neo-capitalism"" over ""post-"" or ""late-capitalism"".
10	The Cornish van is a conveyance both peculiar and interesting.
10	The video was directed by the band's turntablist, Joseph Hahn.
10	Over the next five years she published fifty-one more verses.
10	American credit financed continuing expansion and orders for new ships.
10	He was educated at Southgate County School in North London.
10	Many coach builders were dependent on these two major manufacturers.
10	Milford is located on an escarpment above the Delaware River.
10	During his papacy, the church was in peace and tranquility.
10	Lucius was probably formally educated because of his patrician class.
10	The song topped the charts in New Zealand as well.
10	Surgeon General and director of the Centers for Disease Control.
10	The House is listed as Grade One by English Heritage.
10	And that's all it boils down to, from Farley Flex.
10	The current manager of the Keshet is Ms. Nurit Haghagh.
10	It is named after lawyer, judge, and diplomat Bartlett Tripp.
10	Baur is considered to be the father of plant virology.
10	With the suffix ""ta"" added, the name means ""North Shore.
10	Doctor Englert's research background includes geophysical studies and space research.
10	A coastal seat on the northern bank of the Tyne.
10	Afterwards, the Cambrian explosion of new multicellular life forms started.
10	Toshiaki Koso serves as head of its board of directors.
10	It is a hydroxy ketone attached to two phenyl groups.
10	He was at times politically involved, if not an activist.
10	There is no need to put on airs or pretense.
10	The New Republic navy was somewhat diminished as a result.
10	The Free Library of Philadelphia operates the Greater Olney Branch.
10	Strepsodiscus"" may be too primitive to be a true gastropod.
10	In other countries there is often only one Accreditation Body.
10	Also Paradigm Shift, Mumbai based rockband performed on singing night.
10	The walled colonia named ""Alauna"" developed from the military camp.
10	Estrada was a member of the Liberal Party of Nicaragua.
10	The video has a cameo from professional wrestler Colt Cabana.
10	Responsibility for the franchise lies with the devolved Welsh Government.
10	It is also the largest stadium in Bosnia and Herzegovina.
10	He was born on a farm near Pugwash, Nova Scotia.
10	Did you know that Nikola was going to join us?
10	Both William Bristol and John Myers graduated from Hamilton College.
10	The city has been undergoing construction over the past years.
10	Mrs. Hubbard told Scientologists that Quentin had died from encephalitis.
10	Optus Vision added broadband cable internet access to its network.
10	The programming is led by local radio vet Rick Thomas.
10	Delays caused by this controversy precluded the start of engineering.
10	The broth can be derived from meat, fish, or vegetables.
10	When the other commander Gorgopas found out he murdered Dexagoridas.
10	He was dropped from ""The Last Castle"" as a result.
10	During his imprisonment he spread communist agenda among younger prisoners.
10	With proper treatment, however, a longer, healthier life is possible.
10	And most of the time, she worries for her comrades.
10	Ferndown is also only from Bournemouth International Airport at Hurn.
10	It is also the highest rank achieved in Skagit County.
10	Many houses in the village have been modernised and extended.
10	Please help me search the TV series A Mouse Divided.
10	He has also published nine books, mostly about American politics.
10	Republicans hold all but two of Bollinger County's elected positions.
10	Barry was an uncle to Kentucky governor Luke P. Blackburn.
10	Severe dehydration, and the consumption of alkali are other causes.
10	The database is helpful for the comparison of protein structures.
10	Different types of stars have different types of stellar winds.
10	The community most likely took its name from Lucerne, Ohio.
10	The film co-stars Roger Moore, James Remar and Janet Gunn.
10	The name of the river means ""destroyer of religious merit"".
10	Cevert was the brother-in-law of Grand Prix driver Jean-Pierre Beltoise.
10	That was really hard time, but youth and life overcame.
10	Attagis contains the larger two of the four seedsnipe species.
10	It is portrayed as an anti-social, dirty and dangerous place.
10	He worked as a clerk in a dry goods store.
10	Two men with fishing rods are standing on a shore
10	I hope I never ridicule what is wise and good.
10	The United States Postal Service operates post offices in Inglewood.
10	It is soluble in water and slightly soluble in ethanol.
10	Naval combat now features a new, much more dynamic table.
10	How are gamma rays and neutrons produced by cosmic rays?
10	To aid log transport by floating, numerous dams were constructed.
10	It is often made with cassava and green Plantain Flour.
