1	Pam!
1	Florida.
1	Guaiana.
1	Estirar-se
1	Tunísia.
1	Terracota.
1	Paraguai.
1	Perú.
1	Tinta:
1	Núvol:
1	Calle!
1	Ladeuzeplein.
1	Califòrnia.
1	Fonamentació:
1	Hawaii.
1	Ostres!
1	Texas.
1	Laos.
1	Hardwick.
1	Temps:
1	Indonèsia.
1	Rondó:
1	Xina.
1	Surinam.
1	Descripció:
1	Belize.
1	Petició:
1	Tonga.
1	Leiria.
1	Aplicacions:
1	Corea.
1	Baden-Württemberg.
1	Braga.
1	Samoa.
1	Madeira.
1	Guyana.
1	Usos:
1	Marta!
1	Nota:
1	Guernica.
2	Alexandre Ballester.
2	Disseny web:
2	I si...?
2	Phineas. T.
2	Venim d'Ibi.
2	Filipista mallorquí.
2	T'equivoques, Jeeves.
2	Venim d'Ascó.
2	Nova York:
2	Venim d'Aigües.
2	Venim d'Albatàrrec.
2	Mamma Mia!
2	Lyn Oslo.
2	Endavant, Ucraïna!
2	Venim d'Ullastrell.
2	Venim d'Aldover.
2	Síntesis, Madrid.
2	Intel·ligència Sintètica.
2	El castell:
2	Venim d'Assuévar.
2	Venim d'Esporles.
3	Anem a Agullent.
3	Venim de Tírvia.
3	Espanya i França.
3	Anem a Marratxí.
3	Anem a Salou.
3	Anem a Corbins.
3	Anem a Vilabella.
3	Venim de Beniparrell.
3	Anem a Llanars.
3	Venim de Carlet.
3	R. W. Smart.
3	Venim de Montferri.
3	Anem a Alcoletge.
3	Burundi i Tanzània.
3	Anem a Salinas.
3	Anem a Lladurs.
3	Venim de Marratxí.
3	Venim de Moià.
3	Venim de Miralcamp.
3	Anem a Ontinyent.
3	Tennessee i Kentucky.
3	Venim de Bétera.
3	Venim de Terrassa.
3	Vescomte de Castellbò.
3	Bear River" Smith.
3	Anem a Burjassot.
3	Desperta!!, Desperta Ferres!!
3	Anem a Estaràs.
3	Geòrgia i Alabama.
3	Anem a Cardona.
3	Anem a Alacant.
3	Sigüenza i Guadalajara.
3	Morí a Stuttgart.
3	Kirsch et al.
3	Venim de Llanars.
3	Venim de Torreblanca.
3	Anem a Matet.
3	Venim de Menàrguens.
3	Anem a Rodonyà.
4	És de Coolock, Dublín.
4	Venim de la Iessa.
4	Guinea Equatorial i Camerun.
4	Va viure a Tunis.
4	Fou enterrat a Bagdad.
4	Montserrat, Joaquim i Núria.
4	Moçambic, Malawi i Tanzània.
4	Nedzi és d'origen polonès.
4	Hapi" i "Golden Hapi".
4	Quinn és descoberta morta.
4	Nascut a Gloucester, Anglaterra.
4	Birregurra té una andana.
4	Va néixer a Bristol.
4	L'entrenador fou Jordi Serra.
4	Reynolds també era actriu.
4	Anem a la Riba.
4	N'és editor Eliseu Climent.
4	Es troba a l'Índia.
4	Per què no Windows?
4	M'agradaria escoltar Mark Rae.
4	Thunderbird és altament personalitzable.
4	Va néixer a Berna.
4	És endèmic de Salomó.
4	Cerca la pel·lícula Crossbones
4	Ricardo cercava misteris profunds.
4	Només queda un gigabyte.
4	Allà, era Fedora Gavina.
4	Sud, Est i Oest.
4	Presenta dues varietats: var.
4	Es troba a Tennessee.
4	Tolkien, la terra Mitjana.
4	Empresa de tractors Case.
4	Massalfassar: geografia, història, patrimoni.
4	Barnum i Don King.
4	Esclata la Guerra Civil.
4	La capital era Cuttack.
5	És endèmica de Costa Rica.
5	Alemanya, Lituània, Polònia i Ucraïna.
5	Anem a Sant Andreu Salou.
5	Deixo el micròfon, me"n vaig.
5	Va ser partidari de Roma.
5	És meravellós", va dir Clavell.
5	Vegeu l'administració municipal de Calcuta.
5	Pertany a la casta Mali.
5	La seva capital és Pistoia.
5	Es troba només a Mèxic.
5	YouTube continua actiu al Brasil.
5	L'estrella va aparèixer a Iowa.
5	Thomas O. Selfridge al comandament.
5	Woodland Hills, Los Angeles, Califòrnia.
5	Aleshores va descobrir el Romanticisme i el Liberalisme.
5	Busca"m la novel·la Hat Trick.
5	Va néixer a Crabapple, Geòrgia.
5	Ajustar l'arc de Sant Martí.
5	Assaf Rozenblatt va crear Brainboost.
5	Murray va tenir èxit econòmicament.
5	La seva cançó Quina vida!
6	Un molt bonica pel·lícula d'Alfred Hitchcock.
6	Forma part del Club Escacs Tarragona.
6	Ara és el popular Leete Walk.
6	El seu estadi és l'estadi Avanhard.
6	Bill i jo anem al Carib.
6	Allà Jefferson Hunt el va batejar.
6	D'origen portuguès, fou filla d'Esteve Martínez.
6	Quina impertinència!", va dir el púding.
6	St. Anger" és un enregistrament immediat.
6	Xemaià va dir: cosa de l'amor.
6	Viu a Sant Cugat del Vallès.
6	Vegeu també la progressió de Chord.
6	Era fill del president John Adams.
6	Aerojet era propietat de Gen Corp.
6	Pere Amic, Guillem, Aldebert i Amic.
6	Anem a Sant Pol de Mar.
6	Actualment hi ha l'Escola d'Art Municipal.
6	El riu Arakawa travessa la ciutat.
6	Desguassa en l'Agulla de Sant Joan.
6	L"Abby està ara embarassada d'una nena.
6	Tot el mercat ara és Comcast.
6	Es troba als Andes i Panamà.
6	El fruit de l"avellaner és l"avellana.
6	El riu Iton travessa la comunitat.
6	El gènere s'estén per l'est d'Àsia.
6	L'origen del nom "Success" és obscur.
6	Hi passa el Camí de Núria.
6	L'esmenten sovint Diògenes Laerci i Ateneu.
6	El gènere és endèmic a Austràlia.
6	Les carreteres a Wallis són asfaltades.
6	Cobreix sis assentaments israelians a Cisjordània.
6	Es troba a Àsia: riu Amur.
6	Tingué encara un tercer fill, Agustí.
6	Turquia està desmantellant el sistema d'incentius.
6	Tchen està casada amb Pauline, bibliotecària.
6	Nova York, un vespre de Nadal.
6	Painiac" només s'ha publicat al Japó.
6	Whitford es troba a Garden Home-Whitford.
7	Va començar la seva carrera a Sabadell.
7	Ocasionalment pot arribar fins a Europa Occidental.
7	El guanyador inaugural va ser Mickey Mantle.
7	Va néixer a l'actual territori de Kirguizistan.
7	Vegeu "Navegar més ràpid que el vent".
7	Actualment, està casat amb l'actriu Marie Guillard.
7	Es troba a l'Azerbaidjan, l'Iran i Turkmenistan.
7	La floració és de l'Abril al Juliol.
7	Per exemple, Ujjal significa "brillant, net, sagrat".
7	Passa prop de Santander, Gijón i Avilés.
7	Es va casar amb Louisa Frances Boteler.
7	Xai-Xai és la capital de la província.
7	Va continuar la seva formació a Anglaterra.
7	No tornaria a la Xina mai més.
7	Adobe també és distribuïdor de tipografies digitals.
7	Les subhastes destaquen una tradició a Porter.
7	Per exemple Colòmbia, Xile, l'Argentina i Veneçuela.
7	L'entrada de l'aeroport és al Boulevard Harrelson.
7	Quina és la veritat sobre en Williams?
7	Discorre pel sud del poble del Mesull.
7	El sector públic també ha adoptat Ubuntu.
7	Guanyar prou Punts Creador permetrà l'entrada lliure.
7	Un exemple n'és l'exposició per Internet Click!
7	Móra d'Ebre, conservant el nom de l'Olímpic.
7	Membre de la fraternitat Omega Psi Phi.
7	Google punt uk va ser modificat precipitadament.
7	El poble de Trimble s'anomenava originalment Oxford.
7	El seu pare encara viu a Alemanya.
7	Els Dudikoffs també tenen dos gossos Chihuahua.
7	L'adjacent estudi Ocean Way Recording segueix funcionant.
8	Rodgers es va començar a interessar per l'aviació.
8	Doctora en Dret per la Universitat de València.
8	Històricament, aquesta competència prové dels furs de València.
8	Va donar nom a la ciutat de Cienfuegos.
8	El seu germà Adri també fou ciclista professional.
8	Al Tour de França va guanyar una etapa.
8	El vaig deixar aquí amb la senyoreta Bassett.
8	Sterling es va casar amb Anna Maria Shaver.
8	Articles contemporanis sobre "The Age" sobre la vaga
8	Els seus pares posseïen considerables finques a Midlothian.
8	No s'ha de confondre amb l'equip francès Fiat.
8	Ara col·labora amb el programa The Young Turks.
8	Es troba a Sud-amèrica: conca del riu Amazones.
8	Crist, Maria, Sant Joan Baptista i Maria Magdalena.
8	A la Xina, l'edat canvia en el lichun.
8	Aconsegueix, per sort, fugir i torna a Varsòvia.
8	Deschapelles tenia una aptitud increïble per als jocs.
8	L'episodi pilot va ser produït per Anthony Buckley.
8	Es considera la cançó insígnia de Lynyrd Skynyrd.
8	També va fer cim a l'Annapurna i l'Everest.
8	Grimseth és un membre actiu del Partit Conservador.
8	Portal de l'Àngel, Sant Roc i Sant Sebastià.
8	Els estudiants assisteixen dels graus K al vuitè.
8	És al sud-est de les Roques del Calderó.
8	Conclosos els seus estudis, van tornar a Mèxic.
8	Forma part del patrimoni cultural del País Basc.
8	El principal mercat d'aquest producte és Estats Units.
8	Actualment pertany a una família vigatana, els Postius.
8	És, també, el punt més austral de l'Uruguai.
8	Secrets tens tu, xaval —observa el de l’Illa.
8	Concert enregistrat de l’espectacle Els Colors del Mar.
8	Al seu sud-est s'estén la Serra de Carboner.
8	Rússia li concedí el títol d'Artista del Poble.
8	El port dóna al canal de la Mànega.
8	Es troba al Mar Roig i les Maldives.
8	Hallstead és al districte escolar de Blue Ridge.
8	A la història de Secret Empire, Marrow torna.
8	Anteriorment, s'havia celebrat l'històric primer derbi de Rosario.
9	Reunits, el doctor i la Nyssa discuteixen què fer.
9	El teatre municipal de Cosenza porta el seu nom.
9	Participa en diverses Juntes, inclosa la de Gildan Activewear.
9	Moudon està agermanada amb la ciutat de Mazan, França.
9	Unes es van quedar a París, altres a Suïssa.
9	És considerat Lloc d'Interés Comunitari per la Generalitat Valenciana.
9	És la beguda alcohòlica tradicional del Líban i Síria.
9	S'articula a banda i banda de la Noguera Pallaresa.
9	Està enterrat al cementeri de Blackhill a Consett, Anglaterra.
9	Per Nadal al joc, per Sant Joan al foc.
9	Ramon Noguera fou també un reconegut compositor de sardanes.
9	Tradicionalment l'illa també és coneix com "Huvadu Atoll Vilingili".
9	Una vegada conclosa la guerra, va marxar a Saragossa.
9	La segona part del Padrí ofereix dues històries paral·leles.
9	Aquest mateix any va ser adquirit pel grup Eminata.
9	Fardam conté les següents seccions: Campus, Comentari, Ciència, Creatiu.
9	Aquest és el primer de molts estius de Schoenstatt.
9	La seu es troba a la ciutat de Tranemo.
9	Realitzà els seus estudis secundaris a l'Acadèmia de Ginebra.
9	El districte forma part de la Divisió de Bastar.
9	Pilar Jiménez és actualment la coordinadora de la revista.
9	Es forma a les categories inferiors del Reial Madrid.
9	Es considera successora de la Federació de Joves Cristians.
9	Davant d'aquesta restricció Stravinski revisà les indicacions de tempo.
9	Un dia, una misteriosa Assassina xinesa apareix demanant-li ajuda.
9	L'ajuntament de Sant Feliu va erigir-hi una pedra commemorativa.
9	Es mostren només els presidents durant la Catalunya autonòmica.
9	Ambdós moviments estan en la clau de D major.
9	Aprovar, si escau, la gestió de la Comissió Gestora.
9	Després allibera Gènova, que havia estat presa pels francesos.
9	El doctor James Bryant va ser el degà fundador.
9	Forma part de l'Àrea estadística metropolitana de Las Cruces.
9	Els camps per Sant Miquel esperen aigua del cel.
9	Al cim del tossal hi ha el Castell d'Alta-riba.
9	The Shining Ones" continua les aventures de la sèrie.
1	Entesos?
1	Càntic.
1	Preciosa.
1	Atureu-vos!
1	Endavant.
1	Tornaré.
1	Diferent.
1	Socors!
1	Parpellejo.
1	Tot.
1	Fes-ho!
1	Digues!
1	Sap?
1	T'estimo.
1	Atenció!
1	Punyeta!
1	Passi.
1	Maleït!
1	Tampoc.
1	Pensa-hi.
1	Apa!
1	Beu.
1	Desperta't!
1	Per?
1	Va.
1	Perill.
1	Silenci!
1	Quinze.
1	Correcte?
1	Cordialment.
1	Foc!
1	Junts.
1	Torna.
1	Prova.
1	Avui.
1	Tota.
1	Aneu-vos-en!
1	Cony!
1	Descansin!
1	Tingui.
1	Endavant!
1	Idiota!
1	Jo.
1	Segueix!
1	Ei!
1	M'explicaré.
1	Vostès.
1	M'entens?
1	Espera!
1	Visca!
1	M'agradava.
1	Segueixi'm.
1	M'entenen?
1	Perdoni?
1	Increïble.
1	Amén.
1	Massa.
1	Vostè?
1	Segueixo.
1	Escolta.
1	Perdoni.
1	Somric.
1	Fem-ho.
2	És ella.
2	Surt d'allà.
2	Morí d'hidropesia.
2	Puc ajudar?
2	Quina alegria!
2	Són nidícoles.
2	Ho lamento.
2	Cosa estranya!
2	L'única cosa?
2	Mengen llavors.
2	O m'equivoco?
2	Esperes entrar-hi?
2	El veus?
2	Em recordes?
2	Tinc por.
2	Ho era.
2	Estava bé!
2	Ha desaparegut.
2	Estaven d'esquena.
2	Escoltava molt.
2	Es girà.
2	Poesia, imagina't!
2	Què ordeneu?
2	T'ho diré.
2	Divisió republicana.
2	Ho sentiu?
2	Verge Santa!
2	Decideix adoptar-la.
2	Ho comprenc.
2	Van entrar.
2	Qui sap!
2	Dissenyador industrial.
2	Respira fondo.
2	Actualment desafectada.
2	D'on vens?
2	L'amateur, també.
2	Quin disbarat!
2	Necessito suar.
2	Què testimonia?
2	Vingau ací.
2	Repeteixen curs.
2	Senzillament això.
2	Economies d'escala.
2	No l'entenc.
2	Alteracions morfològiques.
2	Segueix empresonat.
2	Endavant, sopa.
2	Com anem?
2	La meva.
2	Sembla idiota.
2	Cromosomes 'grans'.
2	Absolutament tot.
2	Són peciolades.
2	Arrel bulbosa.
2	M'agradaria pensar.
2	Comentari crític.
2	Accepta albergar-lo.
2	Escultor espanyol.
2	Aquí està.
2	Bibliografia selectiva.
2	És municipalitat.
2	Mitja volta!
2	En total.
2	Call pelós.
2	Bon vent!
2	Com abans.
2	Dualitat ona-partícula.
2	Sense resposta.
2	Sexes similars.
2	Parles alemany?
2	Al franctirador!
2	Era això.
2	Construcció religiosa.
2	És modificada.
2	Calla, petit!
2	Té febre?
2	Vaig mirar.
2	Poeta gallec.
2	Es farà!
2	Manca d’hotels.
2	Ah, efectivament.
2	Deixeu-me ajudar-vos.
2	Per aquí?
2	Teula àrab.
3	L’emperador era invulnerable.
3	Ens emportarem l'escriptori.
3	Es va espantar.
3	Ho has entès?
3	Després, penedit, l'allibera.
3	Tornava en si.
3	Què és això?
3	Ets massa bo.
3	Vaig al lavabo.
3	I vaig acabant.
3	Quin aspecte tenia?
3	Quant era cadascun?
3	I ho era.
3	No presenta embolcall.
3	Serveix d'alguna cosa?
3	Sacerdot escolapi català.
3	L'esperit del beisbol.
3	Em vaig incorporar.
3	Superen tota descripció.
3	S'alimenta d'invertebrats aquàtics.
3	Eclesiàstic i catedràtic.
3	Absència d'espines supraoculars.
3	Thompson era ateu.
3	Per favor, disculpa'm.
3	Se n'han anat.
3	Utilitzen components químics.
3	Especialitzat en Macroeconomia.
3	Dia de Nadal.
3	Qui viurà, veurà.
3	Però per què?
3	Té tres germanes.
3	Anàvem vestits igual.
3	Perquè no l'estimo.
3	Pren la posició.
3	Baixeu-vos i endinseu-vos.
3	Una altra vegada!
3	Estem en conflicte.
3	Els idiotes manen.
3	Ha estat reconstituït.
3	No sabem res.
3	Podré Tornar Enrere.
3	Espiguetes fèrtils pedicel·lades.
3	Respecte com afrontava.
3	Posa rumba africana.
3	Peduncle caudal esvelt.
3	Ella és catòlica.
3	Floreix perquè floreix.
3	Ningú naix ensenyat.
3	És real això?
3	És prou horrible.
3	Vol ser escriptora.
3	És ètnicament jueva.
3	Poden afegir-s'hi mares.
3	No em culparàs.
3	És molt trist.
3	Mantenen moltes ovelles.
3	És l'hora d'esmorzar?
3	No n'estic segura.
3	L'Adrian sap conduir.
3	És d'estil gòtic.
3	És un dulcimer.
3	Després, ella desapareixeria.
3	No té sentit.
3	Oh, intenta perdonar-me!
3	Arnold havia fugit.
3	Com anava vestit?
3	Ella està encantada.
4	A la imposta rosetes.
4	Sisplau, tanca la televisió.
4	No el vas llegir?
4	Estava redactat en castellà.
4	Toro va quedar annexionat.
4	Tens només deu minuts.
4	La mateixa feina ensenya.
4	Les produccions són elevades.
4	Per què a mi.
4	Oest i centre d'Europa.
4	Les fulles no auriculades.
4	Restaren promesos vuit mesos.
4	Partera suada, partera curada.
4	Un noi fent surf.
4	Per què ser jo?!
4	S'elimina l'ajuda entre corredors.
4	Alguns d'ells portaven prismàtics.
4	No m'ho penso creure.
4	Avui és pràcticament deshabitada.
4	Això és llet semidesnatada.
4	Estem davant d'una víctima.
4	Però no hi eren.
4	Sèrie dedicada a Santiago.
4	Està documentada l'existència d'esclaus.
4	Aquesta cançó no m'agrada.
4	No existeix el secà.
4	Ciceró va intervenir-hi l’últim.
4	Gaudien d'un considerable prestigi.
4	Hi va fer d'especialista.
4	Cebu té clima tropical.
4	En general, a millorar-lo.
4	No porta cap bordura.
4	Va morir en batalla.
4	És la vocació equilibrada.
4	Era diner, sempre diner.
4	Se sintetitzen al fetge.
4	Cibber va ser flagel·lat.
4	Són monògams i territorials.
4	Aquestes llindes ho confirmen.
4	Les muralles foren restaurades.
4	Què fan al cine?
4	Té un estil enginyós.
4	Tenia una actitud infantil.
4	Aquesta és la clau.
4	Qui necessita una bossa?
4	Caça principalment de nit.
4	Va ser tremendament difícil.
4	Posteriorment formà quadrilla pròpia.
4	Són construïdes amb maó.
4	No, gràcies, només miro.
4	Alguns números restaren inèdits.
4	Era d'origen irlandès americà.
4	Com vas produir això?
4	Però anem a pams.
4	Actualment resideix a Londres.
4	Pertany al grup feldespat.
4	Ha cantat ocasionalment musicals.
4	Les pràctiques actuals varien.
4	No, senyor, estava buit.
4	Va tenir tres germans.
4	Vaig tornar a reflexionar.
4	L'interior estava totalment arrebossat.
4	Sí, suposo que sí.
4	En el primer d'ells.
4	T'arreplegarem en deu minuts.
4	Què és un cíborg?
4	La panxa és blanca.
4	La capital és Martin.
4	Vegeu també espiral triple.
4	Al primari, el tenim.
5	Forjat de llosa de formigó.
5	S'hi pesquen arengs i bacallà.
5	Tres plantes d'alçària i golfes.
5	Poden estar associades o no.
5	Deixo el micròfon, me'n vaig.
5	Tota la zona és rocosa.
5	També produeix diversos articles ocasionals.
5	Els arcs són de maó.
5	Existència de matèries primes substitutives.
5	Altres intents anteriors havien fracassat.
5	És la deessa-mare sumèria principal.
5	Hi ha un celler cooperatiu.
5	Tampoc siguis cínic amb l'amor.
5	L'escola continua acceptant alguns orfes.
5	Sovint està involucrat en baralles.
5	Menja insectes, llavors i mol·luscs.
5	Ella us ha estava esperant.
5	La muntanya arriba a l'alçada.
5	És un tram de peatge.
5	Una ballarina posa a l'exterior.
5	No hi ha sonorització intervocàlica.
5	Em vaig posar a riure.
5	Les jornades de la vida.
5	No sembla apropiat en absolut.
5	I tu tampoc, t'ho prometo!
5	Està ple de dites ocurrents.
5	Amor d'amo, aigua en cistella.
5	Floreix i fructifica al juny.
5	Oh, totalment, i bastant indescriptiblement.
5	No tinc por de fracassar.
5	Menja calamars, peixos i crustacis.
5	Només poden registrar-se topònims oficials.
5	Presenta infiltracions de greix intramuscular.
5	L'anilina n'és l'exemple més simple.
5	Assegura't que no s'omet res.
5	El vent no té color.
5	Oh, no, això és terrible!
5	Va ser doblada al català.
5	És un tema i variacions.
5	El plat ja és així.
5	L'entorn gairebé no està alterat.
5	Presenten un fort dimorfisme sexual.
5	Es basa en mitjans tecnològics.
5	L'home gran no és allà.
5	Va comprar cogombres al mercat.
5	Són de color marró pàl·lid.
5	La puntada ja està completa.
5	Qui pagarà la meva tarifa?
5	Cadascuna juga una funció diferent.
5	No heu de fer això.
5	Aquestes fotografies foren àmpliament distribuïdes.
5	Van ser mantinguts pel contractista.
5	El seu color varia considerablement.
5	No me n'havia adonat abans.
5	Principalment estava enfocat a l'exportació.
5	També va realitzar estudis d'àrab.
5	Va dir repicant les dents.
5	Em vaig quedar de pedra.
5	Qui escriu el programari lliure?
5	És un dodecàedre no regular.
5	Aquesta és la realitat, no?
5	Tots ells van tenir èxit.
5	Tothom torna al seu treball.
5	Va pertànyer a l'escola llombarda.
5	També pot haver-hi gelades intenses.
5	D'aquella pols, vénen aquests fangs.
5	És un personatge exclusivament manresà.
5	D'aquí el terme hipercàpnia permissiva.
5	El riure va a estones.
5	També destacà en la boxa.
5	La seva funcionalitat és agrària.
5	El conductor operava la metralladora.
5	Avui és una residència d'avis.
5	Altres han rebut ressenyes mixtes.
5	Aquest acord finalment va fallir.
5	Les espècies tropicals són sedentàries.
5	Edificis sense res a destacar.
5	Tenia la forma d'un prisma.
5	Aquesta difusió allarga el dia.
5	Guanya la flor més alta.
5	Novel·lista, assagista i dramaturg romanès.
5	Les fulles són ovals serrades.
5	L'ajuntament sol·licitarà els informes oportuns.
5	La xemeneia era molt antiga.
6	Va passar a mamelucs i otomans.
6	Destacà en l'arquitectura funerària i religiosa.
6	Els membres d'aquest ordre són àpters.
6	Finalment, es van retirar del mercat.
6	Es tracta d'un habitatge urbà unifamiliar.
6	Poseu-lo al cobert de bicicletes, senyor.
6	Estudià primer física i després química.
6	L'estació reinaugurada no té una taquilla.
6	Actualment la planta baixa està modificada.
6	A l'interior els paraments estan arrebossats.
6	Menja zooplàncton i larves de peixos.
6	Actualment, a l'hostatgeria funciona un restaurant.
6	La postlarva neda usant les pleopodis.
6	Segueix actuant a recitals i concerts.
6	Un home carrega plàtans al cap.
6	Actualment disposa també de dos ascensors.
6	Hi ha altres arquitectures en desenvolupament.
6	Era la segona de sis germans.
6	Es troba a l'Oceà Pacífic sud-oriental:
6	El llibre es reedita l'any següent.
6	Tenia gràcils canins i curts premaxil·lars.
6	Estava emparentat amb els cocodrils primitius.
6	Cap dels conductors va resultar ferit.
6	L'obra esbossa un retrat psicològic real.
6	Quantes vegades guanya a la ruleta?
6	Algunes vegades, acompanyava el seu pare.
6	Hi habiten diverses espècies faunístiques interessants.
6	Està amenaçat per la pèrdua d'hàbitat.
6	L'article va afegir combustible al debat.
6	El seu equivalent romà era Morta.
6	Presenta planta quadrada i dos cossos.
6	Les parts poden anar acompanyades d'assessors.
6	Va ser fundada per colons noruecs.
6	Es fa servir sobretot per fregir.
6	El parc conté també un colomar.
6	La seva economia és principalment agroindustrial.
6	El congrés va durar onze setmanes.
6	Els pilars són coronats per florons.
6	El fruit de l'avellaner és l'avellana.
6	També va ser autor d'escrits mèdics.
6	Un noi porta dues hortalisses verdes.
6	Aquests quatre formaven la segona tetrarquia.
6	L'escala de temperatura Celsius és comuna.
6	No és el cas d'aquest llistat.
6	Edifici entre mitgeres i tres crugies.
6	Faran cens i homenatge al prior.
6	Eventualment els dos es van fer.
6	Babilònia es constitueix com un estat.
6	No ha participat en posteriors eleccions.
6	Sopes i vi fan bon sagí.
6	El convenç que ella és innocent.
6	Es nega a seguir les regles.
6	El pèl és curt i suau.
6	Aquesta denominació és avui comunament acceptada.
6	Significa literalment "cossos dels grans dominadors".
6	Menja marisc i, ocasionalment també, peixos.
6	Després les incursions foren dels otomans.
6	També és utilitzada en la caça.
6	També s'han trobat restes de pintura.
6	Les obertures estan emmarcades en pedra.
6	A l'altre costat de la praderia.
6	Era ardent i furiosa com ell.
6	Té lloc entre febrer i maig.
6	El fruit és una càpsula pèndula.
6	Els adults estan actius tot l'any.
6	Això no està disponible en català.
6	Es podia concedir a títol pòstum.
6	La seva aparença canvia segons l'estació.
6	Nosaltres els vam perdre per ell.
6	Llavors el noi ho va entendre.
7	L'ésser humà és l'únic reservori d'aquest virus.
7	Un nen somriu en un gronxador d'arbre.
7	No queden altres exemples coneguts d'aquesta mena.
7	Posseí totes les qualitats d'una artista superior.
7	Una unitat segellada de lents i sensor.
7	S'ha comparat amb el concepte d'oració lingüística.
7	Va servir com a bibliotecari durant trenta-sis anys.
7	Els fruits són globulars amb espines curtes.
7	Va morir a causa d'una malaltia degenerativa.
7	Tenia la doble nacionalitat japonesa i estatunidenca.
7	També és internacional amb la selecció mexicana.
7	Hi havia dinou homes i una dona.
7	Al seu costat, va desenvolupar ulteriors projeccions.
7	Al tercer pis, tres finestres amb ampit.
7	Tenim cada cop més interaccions en línia.
7	La cadena de subministrament necessita desenvolupadors experimentats.
7	El va succeir el seu fill associat.
7	A l'est hi havia figues i mores.
7	També treballaven la metal·lúrgia i la ceràmica.
7	És un ball emparentat amb la seguidilla.
7	S'han trobat pocs signes d'ocupació humana prolongada.
7	Clars de boscos caducifolis i de coníferes.
7	Són plantes perennes o subarbusts mig resistents.
7	La limonita és una roca sedimentària clàstica.
7	El país exporta també maquinària i instruments.
7	És un animal diürn i predominantment arborícola.
7	Habita fins a pocs metres de profunditat.
7	Hi ha dues versions de la pel·lícula.
7	El número més gran als dards guanya.
7	Són una companyia excel·lent per als nois.
7	El futbolista estava tranquil, calmat i assossegat.
7	La situació econòmica era més que precària.
7	No és tot u això que allò.
7	Mudaràs de teixidor, que de lladre no.
7	Incorpora un pont de fusta o ivori.
7	Se n'han trobat menys de deu exemplars.
7	Per davant de tota aridesa i desencant
7	El nom apareix a la mitologia irlandesa.
7	El negoci va ser tot un èxit.
7	Els llistats inclouen tots aquests identificadors pertinents.
7	A la segona planta s'obren tres finestres.
7	En aquest pis hi ha els dormitoris.
7	Pot respondre a persones que el toquen.
7	Estava demostrat que era molt poc efectiva.
7	Havia servit d'habitatge ocasional, refugi i cleda.
7	El passeig permet la participació dels fidels.
7	Nombroses tragèdies personals enfosquiren la seva vida.
7	En aquest sentit, els sistemes estan "enredats".
7	El cigarret em va caure dels dits.
7	Alguns estudiosos hi han identificat elements gnòstics.
7	La majoria dels seus redactors són locals.
7	Relativament poques persones depenen de l'habitatge social.
7	Es conserven algunes pintures seves a Verona.
7	També va implicar-se molt en tasques caritatives.
7	L'origen d'aquest metal·lòfon es troba a l'Àsia.
7	L'alcohol fet a casa és també popular.
7	És internacional amb la selecció de Suïssa.
7	No ho nego; de fet, n'estic orgullós.
7	És un peix marí de clima temperat.
7	Altres proves: radiografia de tòrax, cultiu d'esputs.
7	Només s'hi conserven tres declamacions d'aquests treballs.
7	El pati oriental de l'església s'ha ampliat.
7	D'aquí el nom modern que coneixem ara.
7	El sabater va saludar amb el cap.
7	Ell "es va expressar amb certa energia".
7	Disposa de baixos, planta habitatge i golfes.
7	La cacera i la pesca són importants.
7	La casa està envoltada per construccions agrícoles.
7	La seva activitat principal és el turisme.
7	Fou el més jove de deu germans.
7	Formal culte catòlic es denomina la litúrgia.
7	L'hospital es va tancar per diverses raons.
7	Va ser succeït pel seu fill gran.
7	Fem, no és el mateix que farem.
7	S'alimenta principalment de flors, fruita i fulles.
7	Altres emetòfils prefereixen vomitar-se, sobretot en parella.
8	Continua en marxa el seu procés de beatificació.
8	I ja sabia que els professors em mentien.
8	S'hi pot accedir amb ferri o amb avió.
8	La seva fauna vertebrada presenta alguns elements interessants.
8	Sortir del foc per caure a les brases
8	La diòcesi comprèn el departament de les Landes.
8	No obstant això, no era un partit independentista.
8	Als voltants hi ha molts municipis més petites.
8	Les cantonades també estan esgrafiades amb motius vegetals.
8	Hi ha molts estils diferents de teràpia manual.
8	La introducció accidental d'espècies invasores també és preocupant.
8	Però cap oferta d'aquest tipus es va materialitzar.
8	I les parts instrumentals són estranyes i espacials.
8	El seu color de cabell és ros platí.
8	Bé, sí que ho he estat fent, d'acord.
8	Casa bona no farà qui molts fills tindrà.
8	Si bé l'estil és egipci té influències meroítiques.
8	La convenció de la comunitat n'és l'òrgan legislatiu.
8	Un cop més experimentava el llenguatge sense paraules...
8	Tenen un cos robust i un cap gros.
8	El parament d’aquest edifici és de carreus vistos.
8	Cambrer, em porta el compte, si us plau?
8	La porta d'entrada primitiva, dovellada, és a migjorn.
8	El cas més famós és el gel amorf.
8	Els interruptors i llums permeten dues representacions numèriques.
8	Alguns consideren que és el primer ordinador personal.
8	Es troba en llocs d'herba humida i rasa.
8	Vuits i nous, i cartes que no lliguen.
8	Un gos atrapa una pilota amb la boca.
8	Està situada al centre del nord del país.
8	Això ha portat a molta investigació i generalització.
8	Necessitaràs practicar més si vols dominar aquesta peça.
8	La cua és peluda i de color negre.
8	Els seus excrements són molt foscos o negres.
8	La seva desaparició, però, està envoltada de polèmica.
8	Políticament el club és associat a l'esquerra israeliana.
8	Fou l'autor del primer tractat musical de guitarra.
8	Hi havia sis pilots d'avaluació de diferents nacionalitats.
8	La cronologia és molt difícil d'apuntar amb certesa.
8	Hi havia moltes granges entre poble i poble.
8	Res, excepte el collaret i un grapat d'anells!
8	Cobraven i desapareixien sense mai lliurar el vi.
8	És parasitat per cestodes, trematodes, copèpodes i acantocèfals.
8	Calfem l’aigua i, en bollir, aboquem els fesols.
8	Junts van rodar documentals, anuncis i vídeos musicals.
8	És ridícul, tan sols estem gravant un anunci.
8	És emprada per a recollir líquids i secrecions.
8	L'àrea fou primerament poblada en el període paleolític.
8	Els seients de tots els passatgers tenen endoll.
8	Cada contestació errònia descomptarà zero coma quinze punts.
8	Tanmateix, ocasionalment es produeix en adolescents i adults.
8	L'esquirol va pujar en segons a l'alt roure.
8	Aquest assentament era adjacent a la badia d'Advent.
8	Això va fer que tingués un èxit brillant.
8	Pel setembre, no fa cap arruga el ventre.
8	Va treballar com a administratiu i director gerent.
8	Algunes poblacions tenen vaixells disponibles si es necessiten.
8	Relaciona la semàntica lingüística amb el coneixement enciclopèdic.
8	En les cèl·lules vegetals l'efecte és més dramàtic.
8	S'espera que els ingressos augmentin any rere any.
8	Al nord limiten amb el poble turquès iacut.
8	Quin dels dos va obtenir una puntuació millor?
8	Abans de la migració muda les plomes completament.
8	Siena no va prosperar sota el domini romà.
8	La bruixa malvada i el bruixot estaven conxorxats.
8	S'utilitza amb adreces web que utilitzen l'alfabet ciríl·lic.
8	Els colors indiquen l'afiliació política de cada president.
8	Els ulls són una mica grans i convexos.
8	També és anomenat productor capitalista o productor financer.
9	Durant sis anys va formar part del planter castellà.
9	Diferents projectes es van succeir a les següents dècades.
9	Poques setmanes després iniciava el camí dolorós de l'exili.
9	Els adults es poden trobar de juliol a novembre.
9	Es troba en els amiloplasts de les cèl·lules vegetals.
9	Hi ha porta i finestra a la planta baixa.
9	El nostre lloc web no s'actualitzarà durant un temps.
9	Teniu en compte que aquestes no s'han d'anomenar concentracions.
9	Addicionalment, compta amb vaixells auxiliars i llanxes de desembarcament.
9	Aquesta condició se sol veure més en gent gran.
9	Tot i així, la seva visita no passa inadvertida.
9	Això inclou la promulgació de les noves lleis aprovades.
9	Durant la seva explotació, el film bat diversos rècords.
9	El risc de contraure la malaltia és molt alt.
9	Tot i això, s'establí definitivament a la ciutat basca.
9	Cada conjunt analític té la propietat de conjunt perfecte.
9	El resultat n'és un dels diversos tipus d'estels compactes.
9	Aquests han de conèixer i respectar les diferents banderes.
9	No hi havia cap indici que l'avió tingués problemes.
9	Aquest esquema és relativament modern i parcialment encara s'usa.
9	La seva decoració consisteix en motius vegetals i espirals.
9	Les dades genètiques donen suport al monofiletisme d'aquest grup.
9	Com a vaixell d'abastiment, va evitar entrar en combat.
9	Van venir per representar l'esperit bohemi de la regió.
9	La part superior té un pati obert de columnes.
9	El centre alberga la baralla de la mort femenina.
9	Els forjats són de biga de fusta i revoltó.
9	Va especialitzar-se amb la sistemàtica dels insectes, especialment Lepidòpters.
9	Les precipitacions solen ser abundants per tardor i hivern.
9	No sé si començar un llibre o una sèrie.
9	I molts testimonis foren favorables a les embarcacions catalanes.
9	L'interior i l'exterior són arrebossats i pintats de blanc.
9	La monarquia electiva pot funcionar com a monarquia hereditària.
9	Va ser executat abans, el mateix dia de l'escena.
9	Tranquil·litat i bons aliments tenen sanes a les gents.
9	Els cursos inclouen anglès, matemàtiques i altres disciplines bàsiques.
9	Presenta un pati central enjardinat amb habitacions al voltant.
9	Està situada en la part meridional de la ciutat.
9	Durant tota la seva activitat, s'ha dedicat a l'ensenyament.
9	Introducció ràpida d'emojis i altres caràcters de difícil accés.
9	Destaca la seva participació en seminaris i congressos internacionals.
9	Em podria confirmar quan es va llegir aquest missatge?
9	Avui dia, la indústria més important és el turisme.
9	Es tracta d'un procés continu al llarg d'un projecte.
9	L'anàlisi de cost-utilitat és similar a l'anàlisi de cost-efectivitat.
9	S'ha descobert una torrassa amb volta destinada a aljub.
9	Ocells amb grans vols, molta neu i poc sol.
9	També inclou alguna sortida com la península de Jutlàndia.
9	Va ser actor, productor de cinema i crític culinari.
9	El seu fruit és una beina que conté llavors.
9	El planeta està compost gairebé íntegrament per materials rocosos.
9	L'agricultura de regadiu està ben desenvolupada a la regió.
9	S'han fet moltes més solucions i té altres usos.
9	Desafortunadament els fets no es corresponen amb aquesta teoria.
9	Es considera una de les millors epopeies del Renaixement.
9	S'ha especialitzat en història de l'art otomà i islàmic.
9	La primera planta està dedicada íntegrament a l'època romana.
9	Li han dedicat exposicions temporals diversos espais d'art contemporani.
9	Tots dos trams de galeria estan arrebossats i emblanquinats.
9	La majoria tenen un color brunenc o verdós mat.
9	La pulsioximetria té avantatges però també presenta alguns inconvenients.
9	Tots els altres elements del cos humà s'anomenen "oligoelements".
9	Són plantes perennes rastreres, piloses i de color grisenc.
9	Un surfista de neu fa una acrobàcia a l'aire.
9	No obstant, això va restaurar la seva popularitat política.
9	Tothom qui hi va anar estava content d'haver-ho fet.
9	Ella creava unes formes elegants i proporcionades i senzilles.
9	Nasqué en el si d'una família humil i treballadora.
9	No obstant, aquella influència estava limitada a certes àrees.
9	Hom no es reuneix per a fer-li la guerra.
9	Algunes taules són de marbre amb els peus originals.
10	Va ser nominada a l'Oscar a la millor banda sonora.
10	Tanmateix, no va obtenir feina relacionada amb la seva educació.
10	Després va mostrar-se ell mateix, sense el maquillatge de pallasso.
10	Va ser el primer professor universitari de matemàtiques de Sibèria.
10	Els francesos eventualment van tornar el foc, però sense efectivitat.
10	L'edifici ha estat la seu de l'empresa il·legal durant dècades.
10	Els seus textos provocadors eren rebutjats moltes vegades pels editors.
10	Hi ha una segregació espacial per mida i condició reproductiva.
10	Els acritarcs inclouen restes d'una àmplia diversitat de classes d'organismes.
10	Hi ha regularitat en les obertures de tota la façana.
10	El seu hàbitat natural són les estepes rocoses de muntanya.
10	Conté dos cicles ben diferenciats: el trinitari i el cristològic.
10	La tintura o l'extracte pot ser utilitzat externament contra l'herpes.
10	Un noi fa un driblatge amb la pilota al gimnàs.
10	Des de llavors, Maxim's ha continuat ampliant les seves operacions.
10	El seu pare era enginyer, i el seu avi, terratinent.
10	En bona part, coincideix amb la partida rural del Bosc.
10	Petita capella de planta rectangular amb teulada a doble vessant.
10	Els fills són el bastó de vellesa de llurs pares.
10	Newcastle Corporation també construïa cases com a part de l'exhibició.
10	Immediatament va fer tot un seguit d'esbossos amb aquest motiu.
10	Un home que porta un casc blanc és a l'aigua.
10	Tots els articles s'han de completar satisfactòriament o l'equip falla.
10	No, aquest no va ser mai el seu pla verdader.
10	Quatre persones seuen a una terminal d'aeroport amb cares d'avorriment.
10	El seu hàbitat natural són les selves nebuloses de muntanya.
10	L'equip de futbol del poble juga a la divisió d'aficionats.
10	A la part posterior hi ha un cos més alt.
10	Més tard, també l'acompanyà en diverses expedicions per les Antilles.
10	Serà etern el seu nom, res no el podrà esborrar.
10	Allà el jove va acabar reclòs en un hospital psiquiàtric.
10	El dibuix admet una gran varietat de formes i combinacions.
10	Va ser autor de literatura basca i d'estudis de poesia.
10	En aquesta ocasió tanmateix l'ajut singalès va arribar massa tard.
10	Una dona en negre puja a la paret de roca.
10	Així, els nous descobriments tecnològics promouen nous arguments de ficció.
10	Actualment, el teatre Conservatori continua gaudint d'una intensa activitat escènica.
10	Així, als mandeus hom els relacionà erròniament amb els sabeus.
10	Es troba a l'extrem del nord-est de l'illa de Mallorca.
10	Dues dones grans tenen una conversa profunda en el sofà.
10	Em costarà aproximadament un dia organitzar una llista de fonts.
10	La sèrie es va analitzar i discutir molt als mitjans.
10	Al tercer i al quart hi ha tres balcons individuals.
10	No hi ha dubte que vida és un concepte científic.
10	En contraposició, l'esquerra defensa els interessos de la classe treballadora.
10	El pagès va bescanviar el cavall per un bou bru.
10	Va observar la fotografia un moment, amb una tristor creixent.
10	Eulogi també defensà la primacia de la seu de Roma.
10	El comerç consisteix principalment en el granit i els cereals.
10	Al pis superior s'obren dues obertures en forma de rombe.
10	El seu relat curt "El diluvi" s'ha traduït a l'anglès.
10	Tingué un gran desenvolupament en els estils romànic i gòtic.
10	Mike Davis és l'assembleista estatal de l'àrea del barri coreà.
10	La seva sexualitat resulta imponent: pits, natges i llavis exagerats.
10	Es parava davant del Delancey's només per mirar la gent.
10	Hi ha diversos castells i fortaleses repartits per la província.
10	La coberta és de pissarra del país a quatre vessants.
10	Estimada, el paradís estava aquí i jo no ho sabia.
10	L'empresa tenia previst d'alliberar les patents de tota la gamma.
10	A la primera, el rei perdona; a la segona, catxamona.
10	Fou internacional amb la selecció iugoslava i la selecció eslovena.
10	És un riu de tipus estacional que sovint s'asseca l'estiu.
10	Aquesta obra també fa que els morts per enverinament baixen.
10	La seva actuació seria molt felicitada per la població saragossana.
10	Com a entrenador és recordat per la seva fèrria disciplina.
10	Aquestes partides usualment reben el nom de capital de treball.
10	En ciutats importants, van establir talls d'estil occidental amb jurats.
10	Hi ha diverses tradicions sobre les circumstàncies de la mort.
10	Sembla que l'activitat a l'illa fou permanent després d'aquesta època.
10	Sorprenentment entra a Khartum amb un escàs nombre de soldats.
10	És la primera secció del programa, dedicada als més petits.
10	Tanmateix, va tenir una llarga carrera en el teatre clàssic.
10	A l'edat mitjana fou dominada segurament per les tribus bhils.
10	Aparentment, va ser-li inspirat per un somni induït per l'opi.
10	La primera fase és la recepció en la fàbrica sucrera.
10	És arrebossada i actualment les decoracions quasi no es veuen.
10	No obstant això, la Copa es disputa per sistema d'eliminatòries.
10	Si has d'alliberar els teus homes, aprofita que tenim aliats.
10	A partir d'aquí, ràpidament esdevingué una estrella del cinema iranià.
10	Els tarsos són llargs i gruixats, de color vermell clar.
10	Les seves composicions són elogiades per la dignitat i l'enginy.
10	Exercí com a jutge a les Balears durant quatre anys.
10	La seva saba es torna vermella en contacte amb l'aire.
10	Posteriorment, la tecnologia digital li ha permès experimentar encara més.
10	He agafat un número i he trobat el meu seient.
10	S'utilitza aquesta modalitat per a obtenir dibuixos amb mesures proporcionals.
10	Tenen un paper important en l'estudi modern en aquests camps.
10	És un edifici civil cobert amb teulada a dues aigües.
10	En català, el terme catgut s'utilitza només a l'àmbit medical.
10	Les forces armades són la base de la defensa nacional.
10	Un noi amb ulleres de busseig juga a una piscina.
10	Dóna suport a la població civil en casos d'emergència nacional.
10	La botiga d'en Tomàs funcionava com un comerciant de seda.
10	Va tenir una estàtua erigida a la seva ciutat natal.
10	L'època en què va viure no se sap amb seguretat.
10	El meu govern no es guanya per cap acció d'inseguretat.
10	Finalment es va aconseguir que apareguessin a la primera sèrie.
10	Rematant la façana original, una cornisa motllurada sostinguda per mènsules.
10	L'entrada és gratuïta i té accés adaptat per a minusvàlids.
10	Ens agrada pensar que tots els nostres casos són importants.
10	Es va fer de manera similar a la producció israeliana.
10	La seva dieta consisteix en bambú i altres materials vegetals.
