1	Mary.
1	Cámaras:
1	Wiley.
1	Dimelo.
1	Rogers.
1	Mike.
1	Hey
1	Johnny.
1	Jeannie.
1	Maricón.
1	Toc-toc.
1	Subtítulos:
1	Paul.
1	Sophie!
1	Bill.
1	Nell
1	Hélène...
1	Sahib.
1	John's?
1	Ranald.
1	Frank.
1	Yaveo.
1	Casting:
1	Ajedrez:
1	Maritornes:
1	Herbert.
1	Hey!
1	Sutekichi?
1	Asaji.
1	Intérpretes:
1	Shears.
1	Jódete.
1	Pedro.
1	Ben...
1	Tsugaru.
2	Hey Ho!
2	Guerra Mundial.
2	Venga, Snuff.
2	Vamos Raymond.
2	Marc Burch
2	Homenaje nacional".
2	Christmas Who?
2	Ediciones Era.
2	Bueno, fraulein.
2	Louis Limestone.
2	Bomberman Quest
2	Sr. Card.
2	En "Mr.
2	Así, p.
2	El Periódico.
2	Presidente Stroessner.
2	Pobre Rinaldi.
2	Basel; Bull.
2	Isles Rep..
2	Porto "B".
2	Ven Eddie.
2	Editorial Tusquets.
2	Mueller Bot.
2	Agustín Rojas.
2	Galaxia Cuautitlán.
2	Satoru Hayashi
2	Hideyuki Ishida
2	Cambridge Philos.
2	Petersburg Collection".
2	Madrid: Rivadeneyra.
2	Dove siete?
2	No envejecer".
2	La Chapelle-Vicomtesse
2	Juegos Olímpicos.
2	Patriot Act.
2	Hiroshi Fukushima
2	Canon Inc.
2	La Haute-Maison
2	Goodrich Company.
2	Swain, escucha.
2	Roll up!
2	Snap Inc.
2	Valencia Cano.
2	Masahiro Kano
2	La República".
2	Fuente: Insee
2	Lyon, Francia.
2	Viljandi, Estonia
2	Cruz Abreu
2	Begonia sect.
2	Ovidio Lagos.
2	Эй, ухнем!
2	Taketoki Washizu.
2	Mierda !
2	Actual Titular.
2	Bienvenido, Henriette.
2	Herb., Ann.
2	I: Equipos.
2	Asuka accede.
2	Marcel Dekker.
2	Team match".
2	V.Uliánov, Montaje:
2	Kazuhiro Murakami
2	Pinheiro e.a.
2	Padró, Josep.
2	Lucas, Cap.
2	Herman Stengel
2	Las Animas.
2	Mary's Hospital.
2	María Montessori.
2	Kenichi Hashimoto
2	Go Ito
2	Estoy bien".
3	Novas "et al.
3	Nunca más, Cathy.
3	Donohue "et al.
3	Que sea blackjack.
3	Chupaca "Ciudad Heroica".
3	California, cultivando duraznos.
3	Fecha del Éxodo.
3	Te buscan, Jesse.
3	Manuel Colom Argueta.
3	Kowalski se negó.
3	Entertainment, Lee Soo-man.
3	Alianza Compromiso Federal
3	Textos de Estudio
3	Rafael Prieto Ramiro.
3	Pellegrini y Av.
3	Benjamín Mora Aguilera.
3	Milan en Honduras.
3	Con el Dr.
3	Distribución: Barton Films
3	El barrio St.
3	Thomas Ewing Jr.
3	Buena suerte, Ned.
3	Ryan se enfurece.
3	Dengeki G's Comic
3	Millones de palomas...".
3	Kisses for Kings
3	Junior Pallacanestro Casale.
3	Ricardo Vázquez Salinas.
3	Emperador del Cuzco.
3	Quito y Barcelona.
3	Fruto en legumbre.
3	Sitio web oficial
3	Municipio de Ste.
3	Vestíbulo Tres Cantos
3	Por Indiana Nájera.
3	Amancio Escapa Aparicio.
3	Carlos Alvarado, Teclados.
3	Monasterio Medieval exterior.
3	Ogilvie, Marilyn, ed.
3	Está en Morse.
3	Chacabuco, la Av.
3	Nació en St.
3	Nellie, por favor.
3	Teng el suficiente.
3	Hasta La Uribe.
3	Sight and Sound.
3	El escuadrón No.
3	Emmett, necesita ayudarme.
3	Posición de castigo.
3	Municipal de Montevideo.
3	Se abrevia ds.
4	Es profesor de Geografía.
4	Su capital es Shenyang.
4	На вікні свіча догасала.
4	Diario de San Luis.
4	Al noreste aparece Emory.
4	Estudió Derecho en Francia.
4	Salen Esteban y Elena.
4	Es nativa de Indochina.
4	En seguida, tomó Irapuato.
4	No digas tonterías, Jesse.
4	Militante del Partido Socialista.
4	Compuesto por Nicandro Castillo.
4	Ver Kite "et al.
4	Bueno, mató al sheriff.
4	Paul and Pacific Railroad.
4	Paul Sereno "et al.
4	Anales de la República.
4	Responda la pregunta sin...
4	Muy común en Zaire.
4	Preside el Planetary Collegium.
4	Su capital es Maikop.
4	Estoy buscando a Riley.
4	Avenida Abogado de Oficio.
4	Smith y Rudy Gay.
4	Según contó Halligan Jr.
4	Ediciones Botella al Mar.
4	Su capital es Montpellier.
4	Está construida bajo Ubuntu.
4	Me llevo a Jimmy.
4	Es nativo de Caribe.
4	Es internacional absoluto con
4	Primero entra en Extras.
4	Centro poblado de Paria.
4	La Mezquita de plata.
4	Mediante Ordenanza Municipal No.
4	Debo decírselo, Coronel Saito.
4	Ambos de Stanford University.
4	Es hermoso aquí, Franz.
4	Se encuentra en India.
4	Por lo que parece".
4	Nace la revista "Semanario".
4	Vino del Cañón Echo.
4	Toda joven es apasionada.
4	Nació en Pozoblanco, Córdoba.
4	Pertenece al municipio Arjipo-Ósipovski.
4	Militante del Partido Liberal.
4	Fue miembro del Instituto.
4	Buenas noches, camarada Boroff.
4	Sport Tigre de Trujillo.
4	Producción Comercial: Felipe Ramírez.
5	Es afluente del río Milagro.
5	Se encuentra en el Congo.
5	Composición de la superficie: Bolos.
5	Actualmente vive en Atlanta, Georgia.
5	Profesor Miguel Luis Delgado Montoya.
5	El paisaje en Victoria Ocampo".
5	Su titular es Nadia Calviño.
5	Existen muchos tipos de "token".
5	Sid, te lo dije antes.
5	Forma parte del ramal Laja-Talcahuano.
5	Sólo Jimeno y McLoughlin sobrevivieron.
5	Whitehead es nativo de Londres.
5	Marianne Faithfull escribió la letra.
5	Esta variante está en Guipúzcoa.
5	El libro "Copa de Huesos.
5	Paralelo a la celda anal.
5	Casado con "Leonor Carvallo Ureta".
5	Compitió en dos Campeonatos Mundiales.
5	Su hermano era Hilaire Belloc.
5	Reisner nació en Indianápolis, Indiana.
5	Habita en Galicia y Macedonia.
5	Williams nació en Shreveport, Luisiana.
5	Furiosa, Sara echa a Joe.
5	Su esposa era Andrea Hess.
5	Secuela de "Rita y yo".
5	No, debes reconstruir mis paredes".
5	Álvaro de Silva y Soto.
5	Allí conoce a la Dra.
5	Gracias a el podremos reconstruir".
5	Está presidida por la Dra.
5	Faro de Punta de St.
5	Dirige habitualmente la London Sinfonietta.
5	El Quinto Jinete del Apocalipsis.
5	Aplicado a: todos los jugadores.
5	Fueron contratados por Polydor Records.
5	De oficio Eizaguirre fue abogado.
5	El Viernes Santo procesiona Ntro.
5	Su hijo Hunfredo lo sucedió.
5	El hundimiento del "Viejo Orden".
5	Página del Metro de Caracas
5	Fue producido por Sam Harris.
5	Otros Títulos del Libro Primero.
5	Tomó parte de la Gloriosa.
5	Tiene una hermana mayor, Cristina.
5	Dinamo Kiev ganó el campeonato.
5	Parte utilizada: Corteza y tallo.
5	Su obispo actual es Mons.
5	Actualmente milita en Primera Catalana.
5	Posee campus propios en París.
6	Se recibió de licenciada en Educación.
6	En Battleground, fueron derrotados por Breezango.
6	Con The time como primer single.
6	Pertenece a la Comarca de Fonsagrada.
6	Municipal Santo Domingo y Universidad Interamericana.
6	No es tan asi, mi Señor
6	Posteriormente pasó a llamarse "Mae West".
6	Aquí está el algoritmo de Cohen-Sutherland
6	Fundó el Museo Etnográfico de Gagra.
6	Pertenece a la serie Yoshi's Island.
6	Página web oficial de Irvine Welsh
6	Lita y Ramfis tuvieron dos hijos.
6	Es originaria del Golfo de Guinea.
6	Estudió piano y órgano en Vitoria.
6	La cabecera del condado es Marquette.
6	Creció y se educó en Padua.
6	Actualmente forma parte del grupo Beggars.
6	Es frecuentemente traducido como "ley dinástica".
6	Se encuentra en Escandinavia y Escocia.
6	Horrorizada, entre llantos llama a Hong-rim.
6	Prohibió las diversiones en día domingo.
6	Profesor en la Universidad Católica Portuguesa.
6	La obra pertenece al Museo Soumaya.
6	La sede del condado es Tecumseh.
6	Jade posee invulnerabilidad y velocidad temporaria.
6	Es hermano del futbolista Óscar Briceño.
6	Yo no puedo me quedar sin.
6	Fue miembro del Chaos Computer Club.
6	El festival se transmitió vía web.
6	Salt Lake City, Utah, Miami, Florida.
6	Fue profesor en la Ludwig-Maximilians-Universität München.
6	Crook está casado con Lindsay Crook.
6	Habita en Georgia, Florida, y Cuba.
6	Anotó cinco veces para el Doncaster.
6	Era hijo de Billo de Belluno.
6	Las deliberaciones del Consejo serán secretas.
6	A Johnny no le ocurrirá nada.
6	Recibió la Cruz de San Jorge.
6	Perteneció al partido La Casa Judía.
6	Comenzó siendo suplente de Rui Patricio.
6	Es obra del arquitecto Santiago Calatrava.
6	Su jefe es Choi Hee gon.
6	Juanín jugó en la Real Sociedad.
6	Actualmente forma parte del sello Epitaph.
6	Se encuentran en África: río Limpopo.
6	Fue padre del lingüista Paul Passy.
6	La traducción al español es "donativo".
6	Cursó la escuela primaria en Carmelo.
6	Su madre se llamaba Mary Ricci.
6	El propio Belda apoyó este plante.
6	Estudió en el colegio San Agustín.
6	Arturo García-Tizón fue elegido Secretario General.
6	Tony creció en Santa Cruz, California.
6	Ubicación de Tamarindo en Costa Rica.
7	Preserva fósiles que data del periodo Ordovícico.
7	Era el padre del ex-diputado Santiago Cervera.
7	Está casada con el actor Claudio Arredondo.
7	Tuvo pasos por Huachipato y Audax Italiano.
7	Primer álbum en el estilo Disco Polo.
7	A pesar de ser elegido "Kentucky Mr.
7	La lucha fue breve y ganó Cyr.
7	Dicha Europa necesitaba de una Alemania sana.
7	Al año siguiente lanzó el álbum "Killer".
7	Y ruega porque venga la Sra. Simpson.
7	El podcast de "RuPaul: What's The Tee?
7	El video fue dirigido por Bill Fishman.
7	Ambos funcionarios tienen el título de Alcalde.
7	Su capital es la ciudad de Cheb.
7	Esto está referido a estar en "reserva".
7	Miembro de la Academia Paulista de Letras.
7	Los juveniles se asocian con corales "Acropora".
7	Arrecifes de coral y rocosos, costas rocosas.
7	Otra versión lo suponía hijo de Ares.
7	Las Islas Salomón están reformando su Constitución.
7	Los hutíes tomaron su nombre familiar al-Houthi.
7	En Reino Unido, llegó al número siete.
7	Nominada en tres ocasiones al premio Ariel.
7	El video fue dirigido por Paula Sandoval.
7	Luego en la escuela de Raúl Serrano.
7	Costa Rica tiene una embajada en Montevideo.
7	Su primera colaboración fue con Argentino Galván.
7	Vicente Alanís pasó a sustituirle como diputado.
7	Al final, Filemón casi pierde un ojo.
7	La compañía opera en Los Ángeles, California.
7	Es la prima de Balbina y Antón.
7	Misma estructura, clasificaciones, bonificaciones, descensos y cuadrangulares.
7	Su presidente actual es Pío Cabanillas Alonso.
7	Está encabezado por el Intendente de Canelones.
7	La "Die Hard" original recibió importantes elogios.
7	Estudió Química en la Universidad del Zulia.
7	En el Caribe desde Aruba hasta Trinidad.
7	Allí Marceline muere agotada, abandonada y amargada.
7	Se incorpora al Municipio de San Blas.
7	Fue hija de Daniel y Anna MacDonald.
7	Como ejemplo los electrones y los iones.
7	Está ubicado en la Avenida La República.
7	Son naturales de las Islas de Hawái.
7	Estos se presentan en la columna "sincronización".
7	Desde entonces, Taylor apenas apareció para luchar.
7	Estuvo casado con la actriz Cristina Banegas.
7	Es tía de la actriz Sophie Alexander-Katz.
7	Surgió en las inferiores de Argentinos Juniors.
7	Fue patrón de la Fundación Teatro Libre.
7	Caen ciudades entre las que destaca Schwerin.
7	Su nombre proviene del cercano Lago Rosario.
7	Villegas se desempeñaba como Ministro de Comunicación.
7	Es abundante en las Bahamas y Antillas.
7	Estudió trabajo social en la Universidad Nacional.
7	Tuvieron además a Fernando, Gustavo y Erwin.
7	Los álbumes fueron reeditados en Metal Blade.
7	Se presentó en el programa "Doodle Do".
8	El partido logró cinco escaños en el Congreso.
8	Bryan asistió a la Escuela Secundaria Católica St.
8	De esta forma inició la Guerra de Reforma.
8	En el mismo año derrotó a Bill Alfonso.
8	Basándose en "God Save Ireland" o en "Tramp!
8	Sus compañeros continuaron el viaje al Nuevo Mundo.
8	Finalizado el conflicto, fue devuelta a Buenos Aires.
8	Todo comienza cuando es contratada por la Srta.
8	Estos son los secretos de Marine Le Pen".
8	Luego, estudió en el "Atlanta Institute of Music".
8	Jasmine y su hija viven ahora en Atlanta.
8	Sigue jugando a nivel no profesional en Tenerife.
8	Fue desarrollado por Alirio E. Rodrigues "et al.".
8	Li está a favor de la reforma política.
8	El day trading es un modo de especulación.
8	Las campañas de Whitehouse continúan dividiendo la opinión.
8	Rusia y Serbia y Montenegro debutaron este año.
8	Sverdlovsk es un centro de minero del carbón.
8	Toma su nombre de Santa Rita de Casia.
8	Sarah, es la más joven de la banda.
8	Cole y Masters At Work por nombrar algunos.
8	Sus canciones van desde las influencias de Mr.
8	No hubo bajas de la tripulación del "Formosa".
8	La presentación está a cargo de Huberto Batis.
8	Esta modificación se conoce como "corrección de Bessel".
8	Este muere a manos del español Antonio Villegas.
8	Recibió varias condecoraciones como la Cruz de Guerra.
8	Se refiere a "los derechos y deberes constitucionales".
8	Forma parte de la "Petite Couronne" de París.
8	Iwaki cuenta con una estación central de trenes.
8	La traducción completa sería "Saltando hacia mi amor".
8	Juan Talavera presentó tres obras suyas al concurso.
8	Fue nombrado Caballero de la Legión de Honor.
8	Artística y profesionalmente es cantante, compositor y escritor.
8	Actualmente participa en la Serie A de Ecuador.
8	El fenómeno conocido como "flash-gas" altera su funcionamiento.
8	Los originales residen actualmente en el Museo Británico.
8	El lanzamiento ceremonial fue realizado por Reggie Jackson.
8	Una buena pensadora, tiene ambos: cerebro y presencia.
8	Es el pueblo del conocido maqui Francisco Bedoya.
8	Albán no se dedicó únicamente a la política.
8	Su nombre rinde homenaje al coronel Henry Rutgers.
8	Estudió canto lírico en el Conservatorio López Buchardo.
8	Robinson claramente creía que era un gran hombre.
8	Cartagena, club de Segunda División B de España.
8	Actualmente compite en la Segunda División de Paraguay.
8	Se encuentra en Madeira, Cabo Verde y Senegal.
9	Sierra Leona clasificó a un atleta en esta disciplina.
9	Editada como suplemento de "South African Journal of Botany".
9	Cairo ofrece numerosas primitivas para imágenes de dos dimensiones.
9	Sus últimas palabras fueron: ""¡Hace frío, hasta la vista!"".
9	El ion permanganato MnO actúa como un poderoso oxidante.
9	Por medio de diferentes convocatorias, concursos y ayudas directas.
9	Es parte de la serie de videojuegos "Midtown Madness".
9	Mediante el puente La Tablada, cruza el río Suquía.
9	Tenía profundas raíces ancestrales en la puritana Nueva Inglaterra.
9	Jugó para Cruz Azul durante toda su carrera futbolística.
9	En esa instancia, el estadio se denominó "München Arena".
9	Estás tirándote a la ex de tu mejor amigo.
9	Al principio estudiaba psicología en la Universidad de Budapest.
9	El escándalo le provoca a Estela un infarto fatal.
9	Las tres hijas entraron en un monasterio de Caen.
9	Date aportó varias ideas para mejorar la estructura sonora.
9	Nació el día en la ciudad de Lima, Perú.
9	Nació como estación del desaparecido Ferrocarril de Comodoro Rivadavia.
9	Dirigió la revista "Atalaya" y colaboró en "Páginas Vividas".
9	Ford ha tenido una carrera interpretativa larga y variada.
9	Su nombre proviene del ángel de la muerte Azrael.
9	Cantaba como tiple en el coro de la Colegiata.
9	Ambos aceptaron a pesar de los consejos de Herodes.
9	Sustituyen a unos lienzos originales de Herrera hoy desaparecidos.
9	Alexander McQueen se graduó de la prestigiosa escuela St.
9	Sin embargo, Diego Capusotto afirmó que no era así.
9	Se encuentra ubicado en la Provincia Pedro Domingo Murillo.
9	Larson ha formado una nueva banda llamada Hot One.
9	Además es una de las más importantes del Poblado.
9	Las armas de Ryu se mejoraran con el uso.
9	Sin embargo, su familia pronto se instala en Madrid.
9	Era denominado "Su alteza real el Nizam de Hyderabad".
9	Norwood impresionó en su primer mes con el club.
9	Es el más maduro y serio en las misiones.
9	Victor Hugo lo alentó a tomar una carrera literaria.
9	August acepta la oferta y se marcha del pueblo.
9	Fue productor y conductor de programas en Milenio Televisión.
9	Jogaila le juró fidelidad a Kęstutis y fue liberado.
9	Sus hermanos fueron, al menos, Aurelio, Rogelio y Carlos.
9	La col rizada es la variedad "Brassica oleracea" var.
9	Tiene su sede en la ciudad de Brentwood, Tennessee.
9	Este efecto recibe el nombre de fenómeno de Mizuo-Nakamura.
9	Todas las canciones escritas y compuestas por Steven Wilson.
9	Destaca como la primera iglesia católica en todo Tokio.
9	En defecto de todos, el que la Cámara designe.
9	Atiende todo el barrio de la Ilha do Bispo.
9	Estudió bachillerato en el Instituto Cardenal Cisneros de Madrid.
9	Tras la batalla de Caseros fue dado de baja.
9	El límite oriental termina en el sur de Baluchistán.
9	El Tacoronte quedó cuarto tras perder los tres partidos.
9	Es egresado del Cal State Poly de Pomona, California.
9	Inclusive así, los siguientes tratamientos están en fase experimental.
9	Eso fue antes de que mataras a Harry Castleton.
9	Ciriaco Benavente Mateos, cargo que Francisco Cerro mantiene actualmente.
9	Conocido en la historia como "Luis Pardo, el bandolero".
9	Voces quechua que en castellano significa Flor de Yauli.
9	Con el tiempo se alistó en las Fuerzas Terrestres.
9	Se distribuye por la región del Mediterráneo hasta Afganistán.
9	Ha vivido en Londres muchos años de su vida.
9	Se investigó bastante sobre el sistema computacional del Transbordador.
9	Herri Batasuna condenó el atentado por considerarlo "políticamente inadecuado".
