1	Алиса
1	Андрей
1	Анна
1	Петр
1	Лидия
1	Вера
1	Никита
1	Тимур!
1	Оксана
1	Валерия
1	Евгения
1	Кирилл
1	Наталья
1	Павел
1	Артем
1	Галина
1	Олег
1	Роман
1	Евгений
1	Степан
1	Лилия
1	Софья
1	Дмитрий
1	Тимур!..
1	Нина
1	Максим
1	Дарья
1	Тамара
1	Екатерина
1	Алина
1	Вадим
1	Ксения
1	Даниил
1	Людмила
1	Леонид
1	Валерий
1	Алексей
1	Юлия
1	Владимир
1	Татьяна
1	Гоп!
1	Мария
1	Иван
1	Гей!
1	Александра
1	Недопереквалифицировавшийся.
1	Константин
1	Владислав
1	Василий
1	Федор
1	Валентин
1	Евдокия
1	Виктория
1	Юрий
1	Кристина
1	Валентина
1	Евгения!
1	Эдуард
1	Сергей
1	Ольга
1	Вячеслав
1	НесчестьпотерьвоВселеннойэтой,
1	Вопрос:
1	Вилли...
1	Неу
1	Вилли!
1	Виктор!
1	Неееу.
1	Наррри!
1	Неу,
1	Вау!
1	Николас?
1	Николай!
1	Вот...дерьмо!
1	Никки.
1	Вольдеморт.
1	Найт
1	В.
1	Врис!
1	Вуаля.
1	Не--
1	Волк-оборотень.
1	Ниггеры.
1	НЬ.
1	Ну-
1	Вилсон.
1	Вегас.
1	Вождь.
1	Вау.
1	Ну...
1	Вождь!
1	Но!
1	Вызовов?
1	Например.
1	Вечный.
1	Н-да...
1	Ниобэ!
1	Ноги...
1	Носки.
1	Вуе-Вуе!
1	Никко!
1	Нейгл.
1	Надеюсь.
1	Нех...
1	Нью-Йорк.
1	НесчестьразлуквоВселеннойэтой,
1	Катенька!
1	Тпру
1	Карлица.
1	Илья...
1	Перевод:
1	Критик.
1	Восьмое.
1	Мылопопало.
1	Каналья.
1	Слышу.
1	Кардассианец?
1	Черномазый!
1	Митч!
1	Звук
1	Выставка.
1	Супер.
1	Ок.
1	Мигель.
1	Кухня-дробь-ванна.
1	Обожаю!
1	Бесплатно?
