1	1	Veuen?
2	1	Miserable!
3	1	Atentament.
4	1	D'acord?
5	1	Ajuda'm!
6	1	Afluixa!
7	1	Aiguamel!
8	1	Aneu-vos-en!
9	1	Atenció!
10	1	Atureu-vos!
11	1	Avui.
12	1	Beu.
13	1	Càntic.
14	1	Cordialment.
15	1	Correcte?
16	1	Crida'ls.
17	1	Cuiteu!
18	1	Decret.
19	1	Definitivament.
20	1	Deixa'm!
21	1	Descansin!
22	1	Desperta't!
23	1	Diferent.
24	1	Digues!
25	1	Digues-m'ho!
26	1	Dues.
27	1	Efectiu.
28	1	Endavant!
29	1	Entesos?
30	1	Entès.
31	1	Escolta.
32	1	Espera!
33	1	Esplèndid!
34	1	Esquerra.
35	1	Evolució.
36	1	Expropiat.
37	1	Fem-ho.
38	1	Fes-ho!
39	1	Foc!
40	1	Idiota!
41	1	Immediatament!
42	1	Impossible!
43	1	Increïble.
44	1	Jo.
45	1	Junts.
46	1	L'odiava.
47	1	M'agradava.
48	1	Maleït!
49	1	Massa.
50	1	M'entenen?
51	1	M'entens?
52	1	M'explicaré.
53	1	M'explico?
54	1	Mireu-la!
55	1	Morts.
56	1	No!
57	1	Oblida-ho.
58	1	Parli!
59	1	Parpellejo.
60	1	Passa.
61	1	Passi.
62	1	Pensa-hi.
63	1	Per?
64	1	Perdoni.
65	1	Perdoni?
66	1	Perill.
67	1	Preciosa.
68	1	Privado.
69	1	Prosseguiu.
70	1	Prova.
71	1	Punyeta!
72	1	Quinze.
73	1	Recomanacions?
74	1	Recorda-ho.
75	1	Ric.
76	1	Sap?
77	1	Segueix!
78	1	Segueixi'm.
79	1	Segueixo?
80	1	Segui.
81	1	Silenci!
82	1	Socors!
83	1	Somric.
84	1	Talla'l.
85	1	Tampoc.
86	1	Tanquin-los.
87	1	Taronja.
88	1	Temps.
89	1	T'estimo.
90	1	Tingui.
91	1	Torna.
92	1	Tornaré.
93	1	Tot.
94	1	Tota.
95	1	Va.
96	1	Val!
97	1	Veureu.
98	1	Visca!
99	1	Vostè?
100	1	Vostès.
101	2	Què espera?
102	2	Parles alemany?
103	2	Sona paradoxal.
104	2	Tornarem demà
105	2	Ho era.
106	2	Era això.
107	2	Manca d’hotels.
108	2	És modificada.
109	2	Mitja volta!
110	2	Passió destacada
111	2	M'heu entès?
112	2	Repeteixen curs.
113	2	Dissenyador industrial.
114	2	Estava perplex.
115	2	Estudi d'eficiència.
116	2	Es girà.
117	2	Aquest tema.
118	2	Senzillament això.
119	2	Bon vent!
120	2	Vaig tornar.
121	2	Morí d'hidropesia.
122	2	L'amateur, també.
123	2	Aquí està.
124	2	Vingau ací.
125	2	Què testimonia?
126	2	Deixeu-me ajudar-vos.
127	2	Operadors diferencials.
128	2	Poeta gallec.
129	2	Surt d'allà.
130	2	Patien gana.
131	2	Quina alegria!
132	2	Ho comprenc.
133	2	D'on vens?
134	2	Cosa estranya!
135	2	Divisió republicana.
136	2	Comentari crític.
137	2	Quina és?
138	2	Teula àrab.
139	2	O m'equivoco?
140	2	Ho sentiu?
141	2	Van entrar.
142	2	Al franctirador!
143	2	Ensucreu-la generosament.
144	2	Call pelós.
145	2	Perdoni, senyor...
146	2	Cables metàl·lics.
147	2	Boca terminal.
148	2	Missió complerta!
149	2	Com abans.
150	2	Era monstruós.
151	2	Es farà!
152	2	Puc ajudar?
153	2	Estava resant.
154	2	Són peciolades.
155	2	El veus?
156	2	És fosc.
157	2	La meva.
158	2	Accepta albergar-lo.
159	2	Ah, efectivament.
160	2	Temo l'anarquia.
161	2	Ho lamento.
162	2	Esperes entrar-hi?
163	2	Economies d'escala.
164	2	M'agradaria pensar.
165	2	És municipalitat.
166	2	I vinga.
167	2	Arrel bulbosa.
168	2	N'està segur?
169	2	Bibliografia selectiva.
170	2	Segueix empresonat.
171	2	Qui sap!
172	2	Esta bé.
173	2	Actualment desafectada.
174	2	S'han amotinat!
175	2	Quin disbarat!
176	2	Dos espectadors
177	2	Tinc por.
178	2	Sembla idiota.
179	2	Calla, petit!
180	2	Escoltava molt.
181	2	Absolutament tot.
182	2	Estaven d'esquena.
183	2	No empenyin.
184	2	Sap què?
185	2	Verge Santa!
186	2	Poesia, imagina't!
187	2	Fusta treballada.
188	2	Construcció religiosa.
189	2	No l'entenc.
190	2	Em recordes?
191	2	Ha desaparegut.
192	2	T'ho diré.
193	2	Mengen llavors.
194	2	Sexes similars.
195	2	Dualitat ona-partícula.
196	2	Perdoneu, nois.
197	2	Respira fondo.
198	2	En total.
199	2	Són nidícoles.
200	2	Trenta segons.
201	3	Absència d'espines supraoculars.
202	3	Tots tenim malsons.
203	3	Actualment, segueix aplicant-se.
204	3	Això és tortura!
205	3	Anàvem vestits igual.
206	3	Aplica l'escolta activa.
207	3	Aquí, als arbustos.
208	3	Baixeu-vos i endinseu-vos.
209	3	Bon dia, jutge.
210	3	Com anava vestit?
211	3	Com vas ajudar?
212	3	Dels bons abusen.
213	3	Després, ella desapareixeria.
214	3	Després, penedit, l'allibera.
215	3	Eclesiàstic i catedràtic.
216	3	Ella és catòlica.
217	3	Ella està encantada.
218	3	Els idiotes manen.
219	3	Em vaig incorporar.
220	3	Ens emportarem l'escriptori.
221	3	Envoltant-les, diversos apòstols.
222	3	Era inexpugnable, suprem.
223	3	És d'estil gòtic.
224	3	És ètnicament jueva.
225	3	És l'hora d'esmorzar?
226	3	És molt trist.
227	3	És prou horrible.
228	3	És real això?
229	3	Es troba bé?
230	3	És un dulcimer.
231	3	Es va espantar.
232	3	Espiguetes fèrtils pedicel·lades.
233	3	Estem en conflicte.
234	3	Ets massa bo.
235	3	Floreix perquè floreix.
236	3	Gràcies per l'aclariment!
237	3	Ha estat reconstituït.
238	3	Has estat collonut!
239	3	Ho has entès?
240	3	Ho saben perfectament.
241	3	I ara ajuda'm.
242	3	I ho era.
243	3	I vaig acabant.
244	3	Ja era hora!
245	3	Jo que es.
246	3	L’emperador era invulnerable.
247	3	L'esperit del beisbol.
248	3	Mantenen moltes ovelles.
249	3	Masterson és cienciòleg.
250	3	M'encanta, aquest collaret.
251	3	Ningú naix ensenyat.
252	3	No em culparàs.
253	3	No entenc res.
254	3	No es mogui.
255	3	No ho és.
256	3	No n'estic segura.
257	3	No penso baixar.
258	3	No presenta embolcall.
259	3	No sabem res.
260	3	No té sentit.
261	3	Oh, intenta perdonar-me!
262	3	On l'heu robat?
263	3	Peduncle caudal esvelt.
264	3	Per favor, disculpa'm.
265	3	Però per què?
266	3	Però tant era.
267	3	Perquè no l'estimo.
268	3	Poden afegir-s'hi mares.
269	3	Posa rumba africana.
270	3	Pren la posició.
271	3	Probablement és terrestre.
272	3	Quant era cadascun?
273	3	Què és això?
274	3	Què tal és?
275	3	Qui viurà, veurà.
276	3	Quin aspecte tenia?
277	3	Quina edat tens?
278	3	Recordo aquella nit.
279	3	Rectifiqueu de sal.
280	3	Respecte com afrontava.
281	3	Sacerdot escolapi català.
282	3	S'alimenta d'invertebrats aquàtics.
283	3	Salvat del perill
284	3	Se n'han anat.
285	3	Serveix d'alguna cosa?
286	3	S'hi posarà demà.
287	3	S'inicia el setge.
288	3	Superen tota descripció.
289	3	Té quatre moviments.
290	3	Té tres germanes.
291	3	Tens els diners?
292	3	Tornava en si.
293	3	Truca'm al vespre.
294	3	Una altra vegada!
295	3	Una sonata curta.
296	3	Us he decebut.
297	3	Utilitzen components químics.
298	3	Vaig al lavabo.
299	3	Vés-te'n de seguida.
300	3	Vol ser escriptora.
301	4	No el vaig registrar.
302	4	Vegeu també espiral triple.
303	4	Se sintetitzen al fetge.
304	4	Ha cantat ocasionalment musicals.
305	4	Posteriorment formà quadrilla pròpia.
306	4	L'aigua permet l'explotació agrícola.
307	4	Llegeix-ne tota la informació!
308	4	Són construïdes amb maó.
309	4	L'any va ser cònsol.
310	4	Edat, estatura i roba.
311	4	El demanar-la estava implícit.
312	4	Qui necessita una bossa?
313	4	Alguns números restaren inèdits.
314	4	Al cim del turó.
315	4	Què fa el gat?
316	4	Estem davant d'una víctima.
317	4	T'arreplegarem en deu minuts.
318	4	Què fan al cine?
319	4	Com vas produir això?
320	4	Pot ser d'origen provençal.
321	4	Aquestes llindes ho confirmen.
322	4	No el vas llegir?
323	4	La panxa és blanca.
324	4	Tens res per vendre?
325	4	No, senyor, estava buit.
326	4	Les pràctiques actuals varien.
327	4	Les produccions són elevades.
328	4	Però anem a pams.
329	4	Ja he esperat prou.
330	4	Aquesta cançó no m'agrada.
331	4	Mostra un llenguatge academicista.
332	4	Són monògams i territorials.
333	4	Sisplau, tanca la televisió.
334	4	L'interior estava totalment arrebossat.
335	4	Per què ser jo?!
336	4	És com una siciliana.
337	4	Alguns d'ells portaven prismàtics.
338	4	Un noi fent surf.
339	4	Pertany al grup feldespat.
340	4	Aquesta és la clau.
341	4	Has de ser ràpid.
342	4	No en sabia res.
343	4	En el primer d'ells.
344	4	Té un estil enginyós.
345	4	El ciment és silícic.
346	4	Què té de dolent?
347	4	Podria ser un ós.
348	4	Calia començar de seguida.
349	4	S'elimina l'ajuda entre corredors.
350	4	Va tenir tres germans.
351	4	Gaudien d'un considerable prestigi.
352	4	No, gràcies, només miro.
353	4	Al primari, el tenim.
354	4	Saps què et dic?
355	4	Hi ha de tot.
356	4	L'ortografia és bastant simple.
357	4	El rellotge ja corre.
358	4	No existeix el secà.
359	4	Açò és cosa feta.
360	4	Era jueu de naixement.
361	4	Font de dos brocs.
362	4	Veiem un parell d'hipopòtams.
363	4	Vaig tornar a reflexionar.
364	4	Tens només deu minuts.
365	4	El normal de jardí.
366	4	No porta cap bordura.
367	4	L'oasi és territori neutral.
368	4	Va descarregar sense respondre.
369	4	Les fulles no auriculades.
370	4	Nom complet entre parèntesis.
371	4	Afanya't amb tot això.
372	4	Hi va fer d'especialista.
373	4	No fa riure, d'acord?
374	4	A la imposta rosetes.
375	4	Això és llet semidesnatada.
376	4	Tenia una actitud infantil.
377	4	Estava redactat en castellà.
378	4	Per què a mi.
379	4	L'harmonia és extremadament simple.
380	4	Vinga, tothom a dins!
381	4	Era d'origen irlandès americà.
382	4	Què ens aporta això?
383	4	Què és un cíborg?
384	4	Però no hi eren.
385	4	Les muralles foren restaurades.
386	4	Va ser tremendament difícil.
387	4	Va brandar el cap.
388	4	Restaren promesos vuit mesos.
389	4	Oest i centre d'Europa.
390	4	La mateixa feina ensenya.
391	4	Caça principalment de nit.
392	4	Era diner, sempre diner.
393	4	En vull la meitat.
394	4	Avui és pràcticament deshabitada.
395	4	Sí, suposo que sí.
396	4	Partera suada, partera curada.
397	4	És la vocació equilibrada.
398	4	No m'ho penso creure.
399	4	Posseeixen grans ulls compostos.
400	4	Va morir en batalla.
401	5	Actualment només és utilitzat ocasionalment.
402	5	Algunes finestres són de pedra.
403	5	Altres han rebut ressenyes mixtes.
404	5	Altres intents anteriors havien fracassat.
405	5	Amor d'amo, aigua en cistella.
406	5	Aquest acord finalment va fallir.
407	5	Aquesta difusió allarga el dia.
408	5	Aquesta és la realitat, no?
409	5	Aquestes fotografies foren àmpliament distribuïdes.
410	5	Assegura't que no s'omet res.
411	5	Avui és una residència d'avis.
412	5	Bo va obstruir les investigacions.
413	5	Cadascuna juga una funció diferent.
414	5	D'aquella pols, vénen aquests fangs.
415	5	D'aquí el terme hipercàpnia permissiva.
416	5	De què es tracta, doncs?
417	5	Deixo el micròfon, me'n vaig.
418	5	Edificis sense res a destacar.
419	5	El conductor operava la metralladora.
420	5	El plat ja és així.
421	5	El riure va a estones.
422	5	El seu color varia considerablement.
423	5	El vent no té color.
424	5	Ella us ha estava esperant.
425	5	Els arcs són de maó.
426	5	Em vaig posar a riure.
427	5	Em vaig quedar de pedra.
428	5	És alguna cosa a l'aire.
429	5	Es basa en mitjans tecnològics.
430	5	És il·legal posseir i distribuir.
431	5	És la deessa-mare sumèria principal.
432	5	Es troba a l'Atlàntic sud.
433	5	És un dodecàedre no regular.
434	5	És un personatge exclusivament manresà.
435	5	És un tema i variacions.
436	5	És un tram de peatge.
437	5	Està ple de dites ocurrents.
438	5	Existència de matèries primes substitutives.
439	5	Finalment, ambdós clubs es fusionaren.
440	5	Floreix i fructifica al juny.
441	5	Forjat de llosa de formigó.
442	5	Guanya la flor més alta.
443	5	Hi ha un celler cooperatiu.
444	5	I tu tampoc, t'ho prometo!
445	5	Ja no estem on estàvem.
446	5	La ciutat va romandre abandonada.
447	5	La muntanya arriba a l'alçada.
448	5	La puntada ja està completa.
449	5	La seva funcionalitat és agrària.
450	5	La xemeneia era molt antiga.
451	5	L'ajuntament sol·licitarà els informes oportuns.
452	5	L'anilina n'és l'exemple més simple.
453	5	L'entorn gairebé no està alterat.
454	5	Les espècies tropicals són sedentàries.
455	5	Les fulles són ovals serrades.
456	5	Les jornades de la vida.
457	5	L'escola continua acceptant alguns orfes.
458	5	L'home gran no és allà.
459	5	Menja calamars, peixos i crustacis.
460	5	Menja insectes, llavors i mol·luscs.
461	5	Més val rotar que badallar.
462	5	No heu de fer això.
463	5	No hi ha sonorització intervocàlica.
464	5	No me n'havia adonat abans.
465	5	No sembla apropiat en absolut.
466	5	No sopeu res aquesta nit.
467	5	No tinc por de fracassar.
468	5	Només poden registrar-se topònims oficials.
469	5	Novel·lista, assagista i dramaturg romanès.
470	5	Oh, no, això és terrible!
471	5	Oh, totalment, i bastant indescriptiblement.
472	5	Però vens cap a mi.
473	5	Pertany al grup romànic oriental.
474	5	Poden estar associades o no.
475	5	Presenta infiltracions de greix intramuscular.
476	5	Presenten un fort dimorfisme sexual.
477	5	Principalment estava enfocat a l'exportació.
478	5	Qui escriu el programari lliure?
479	5	Qui pagarà la meva tarifa?
480	5	Realment, em vaig enamorar d'ella.
481	5	S'hi pesquen arengs i bacallà.
482	5	Són de color marró pàl·lid.
483	5	Sovint està involucrat en baralles.
484	5	També destacà en la boxa.
485	5	També pot haver-hi gelades intenses.
486	5	També produeix diversos articles ocasionals.
487	5	També va realitzar estudis d'àrab.
488	5	Tampoc siguis cínic amb l'amor.
489	5	Té dos germans i germanes.
490	5	Tenia la forma d'un prisma.
491	5	Tota la zona és rocosa.
492	5	Tothom torna al seu treball.
493	5	Tots ells van tenir èxit.
494	5	Tres plantes d'alçària i golfes.
495	5	Una ballarina posa a l'exterior.
496	5	Va comprar cogombres al mercat.
497	5	Va dir repicant les dents.
498	5	Va pertànyer a l'escola llombarda.
499	5	Va ser doblada al català.
500	5	Van ser mantinguts pel contractista.
501	6	Estava emparentat amb els cocodrils primitius.
502	6	Perquè ja som a punt nosaltres.
503	6	L'atur és un altre problema greu.
504	6	El fruit és una càpsula pèndula.
505	6	Actualment la planta baixa està modificada.
506	6	Té lloc entre febrer i maig.
507	6	El fruit de l'avellaner és l'avellana.
508	6	Aquests quatre formaven la segona tetrarquia.
509	6	Està amenaçat per la pèrdua d'hàbitat.
510	6	No vull vendre-la al millor postor.
511	6	Creix el nombre de ciclistes estrangers.
512	6	Era el professor sènior de psicologia.
513	6	El congrés va durar onze setmanes.
514	6	L'obra esbossa un retrat psicològic real.
515	6	Ha aconseguit sis discs de platí.
516	6	Actualment disposa també de dos ascensors.
517	6	La postlarva neda usant les pleopodis.
518	6	Si l'hi fas mal, et mataré.
519	6	Quin sentit deu tenir, tot això?
520	6	Edifici entre mitgeres i tres crugies.
521	6	No és el cas d'aquest llistat.
522	6	Actualment és el ministre d'assumptes exteriors.
523	6	Nosaltres els vam perdre per ell.
524	6	També és utilitzada en la caça.
525	6	Les obertures estan emmarcades en pedra.
526	6	Era ardent i furiosa com ell.
527	6	Es fa servir sobretot per fregir.
528	6	L'asteroide impactà tal com estava previst.
529	6	Aquesta denominació és avui comunament acceptada.
530	6	Inversament, les rodes internes es descarreguen.
531	6	Després deixa caure que enyora quelcom.
532	6	El pèl és curt i suau.
533	6	Després les incursions foren dels otomans.
534	6	Hi ha evidència d'una ocupació romana.
535	6	Llavors el noi ho va entendre.
536	6	Normalment se l'amaga a si mateix.
537	6	A l'interior els paraments estan arrebossats.
538	6	Les parts poden anar acompanyades d'assessors.
539	6	Estàs preguntant a la noia equivocada.
540	6	En qualsevol moment ens podrien assassinar!
541	6	Algunes vegades, acompanyava el seu pare.
542	6	Es captura amb palangre o arrossegament.
543	6	Què opines de les meves rastes?
544	6	Un noi porta dues hortalisses verdes.
545	6	Va ser fundada per colons noruecs.
546	6	El curs inferior va ser rectificat.
547	6	Aquest estudi té una llarga història.
548	6	Actualment, a l'hostatgeria funciona un restaurant.
549	6	Poseu-lo al cobert de bicicletes, senyor.
550	6	Menja marisc i, ocasionalment també, peixos.
551	6	Va publicar nombroses obres d’economia política.
552	6	Fruit sense espines amb l'estil persistent.
553	6	El llibre es reedita l'any següent.
554	6	Hi ha altres arquitectures en desenvolupament.
555	6	Campió nacional en ruta dos cops.
556	6	El convenç que ella és innocent.
557	6	Els membres d'aquest ordre són àpters.
558	6	Faran cens i homenatge al prior.
559	6	Estudià primer física i després química.
560	6	Un jove s'enamora d'una bonica rossa.
561	6	Va passar a mamelucs i otomans.
562	6	Destacà en l'arquitectura funerària i religiosa.
563	6	Els adults estan actius tot l'any.
564	6	Si vols vaixell, vés amb ell.
565	6	La resta van retornar a Panamà.
566	6	Professionalment és consellera a ple temps.
567	6	Segueix actuant a recitals i concerts.
568	6	La mantega no es va desfer.
569	6	Allò que és promès, sigui atès.
570	6	L'article va afegir combustible al debat.
571	6	No cal que s'afluixin les regnes.
572	6	Era la segona de sis germans.
573	6	Es nega a seguir les regles.
574	6	Cap dels conductors va resultar ferit.
575	6	Presenta planta quadrada i dos cossos.
576	6	Contenia pestanyes silenciades i pestanyes ancorades.
577	6	Abans era d'argent i de gules.
578	6	Finalment, es van retirar del mercat.
579	6	Hi habiten diverses espècies faunístiques interessants.
580	6	El parc conté també un colomar.
581	6	Un home carrega plàtans al cap.
582	6	Es tracta d'un habitatge urbà unifamiliar.
583	6	Tot molt senzill, de factura popular.
584	6	No ha participat en posteriors eleccions.
585	6	També va ser autor d'escrits mèdics.
586	6	Tenia gràcils canins i curts premaxil·lars.
587	6	Els pilars són coronats per florons.
588	6	Significa literalment "cossos dels grans dominadors".
589	6	Jo no he estat sempre barber.
590	6	Vaig dir, sorprès per un moment.
591	6	En el prefaci, l'editor lloa l'obra.
592	6	Pren un deliciós pastís esponjós banyat.
593	6	Eventualment els dos es van fer.
594	6	La seva economia és principalment agroindustrial.
595	6	La seva aparença canvia segons l'estació.
596	6	Els alevins es nodreixen de plàncton.
597	6	Quantes vegades guanya a la ruleta?
598	6	Curs en quasi totes les especialitats.
599	6	Es podia concedir a títol pòstum.
600	6	A l'altre costat de la praderia.
601	7	La part de l'absis està lleugerament derruïda.
602	7	Havia servit d'habitatge ocasional, refugi i cleda.
603	7	Ha dut a terme diverses operacions paramilitars.
604	7	Aquest fet es repeteix cada quatre anys.
605	7	Els cotxes ja tenien per on circular.
606	7	Va ser enterrat a una pobra sepultura.
607	7	El cigarret em va caure dels dits.
608	7	Ho he estat treballant amb la Lauren.
609	7	Es guarden gravacions de la seva veu.
610	7	No és or tot allò que lluu.
611	7	L'organització va ser assassinada des de dins.
612	7	El número més gran als dards guanya.
613	7	Un nen somriu en un gronxador d'arbre.
614	7	El país exporta també maquinària i instruments.
615	7	La limonita és una roca sedimentària clàstica.
616	7	Va morir a causa d'una malaltia degenerativa.
617	7	Fou el més jove de deu germans.
618	7	El carboni li confereix duresa i resistència.
619	7	L'hospital es va tancar per diverses raons.
620	7	Nombroses tragèdies personals enfosquiren la seva vida.
621	7	Els dos països assumiren negociacions frontereres difícils.
622	7	Altres proves: radiografia de tòrax, cultiu d'esputs.
623	7	S'absenta de l'extrem nord-oest i sud d'Àfrica.
624	7	No ho nego; de fet, n'estic orgullós.
625	7	Tenia la doble nacionalitat japonesa i estatunidenca.
626	7	Al tercer pis, tres finestres amb ampit.
627	7	El pati oriental de l'església s'ha ampliat.
628	7	Gules, un card amb una fulla argent.
629	7	Durant l'estrena van sorgir uns quants problemes.
630	7	Si l'hagués tingut, m'hauria d'haver donat pressa.
631	7	La casa està envoltada per construccions agrícoles.
632	7	També és internacional amb la selecció mexicana.
633	7	El sabater va saludar amb el cap.
634	7	Són plantes perennes o subarbusts mig resistents.
635	7	S'utilitza i s'ha tallat en forma octogonal.
636	7	La coberta és una terrassa amb balustrada.
637	7	Són usats àmpliament en processament de senyals.
638	7	La comunitat tenia llavors uns setanta membres.
639	7	Mudaràs de teixidor, que de lladre no.
640	7	La cacera i la pesca són importants.
641	7	S'utilitzaven per al mecanisme d'enrotllament del cable.
642	7	El seu territori no estava estrictament demarcat.
643	7	Els llistats inclouen tots aquests identificadors pertinents.
644	7	Només s'hi conserven tres declamacions d'aquests treballs.
645	7	No és tot u això que allò.
646	7	Altres emetòfils prefereixen vomitar-se, sobretot en parella.
647	7	Habita fins a pocs metres de profunditat.
648	7	També treballaven la metal·lúrgia i la ceràmica.
649	7	És un ball emparentat amb la seguidilla.
650	7	A les golfes hi ha cinc arcades.
651	7	Portava articles, poesies i alguna secció fixa.
652	7	En aquest sentit, els sistemes estan "enredats".
653	7	Va tenir menys èxit en les proves.
654	7	Pot respondre a persones que el toquen.
655	7	Tenim cada cop més interaccions en línia.
656	7	El balcó està sostingut per una llosana.
657	7	Va servir com a bibliotecari durant trenta-sis anys.
658	7	De fet, això hauria estat un canvi.
659	7	S'alimenta principalment de flors, fruita i fulles.
660	7	Aquests amb unes llindes de forma ondulada.
661	7	Hi havia dinou homes i una dona.
662	7	Va ser succeït pel seu fill gran.
663	7	Al seu costat, va desenvolupar ulteriors projeccions.
664	7	Recentment ha estat sotmès a una reforma.
665	7	Fem, no és el mateix que farem.
666	7	Hi ha algunes varietats híbrides molt decoratives.
667	7	Està composta per cobalt, arsènic i sofre.
668	7	El va succeir el seu fill associat.
669	7	Se n'han trobat menys de deu exemplars.
670	7	A casa nostra no hi ha rosegadors.
671	7	Posseí totes les qualitats d'una artista superior.
672	7	També és un sèrum inhibidor de la tripsina.
673	7	També va implicar-se molt en tasques caritatives.
674	7	Hi ha dues versions de la pel·lícula.
675	7	El negoci va ser tot un èxit.
676	7	Alguns estudiosos hi han identificat elements gnòstics.
677	7	Incorpora un pont de fusta o ivori.
678	7	Estava demostrat que era molt poc efectiva.
679	7	En aquest pis hi ha els dormitoris.
680	7	A la segona planta s'obren tres finestres.
681	7	Per davant de tota aridesa i desencant
682	7	Ell "es va expressar amb certa energia".
683	7	La majoria dels seus redactors són locals.
684	7	És un peix marí de clima temperat.
685	7	La seva activitat principal és el turisme.
686	7	Un home toca un violí mentre somriu.
687	7	Totes les proves són obligatòries i eliminatòries.
688	7	L'alcohol fet a casa és també popular.
689	7	El nom apareix a la mitologia irlandesa.
690	7	El passeig permet la participació dels fidels.
691	7	És un animal diürn i predominantment arborícola.
692	7	Clars de boscos caducifolis i de coníferes.
693	7	S'han trobat pocs signes d'ocupació humana prolongada.
694	7	No queden altres exemples coneguts d'aquesta mena.
695	7	La cadena de subministrament necessita desenvolupadors experimentats.
696	7	Són una companyia excel·lent per als nois.
697	7	A l'est hi havia figues i mores.
698	7	Disposa de baixos, planta habitatge i golfes.
699	7	D'aquí el nom modern que coneixem ara.
700	7	L'ésser humà és l'únic reservori d'aquest virus.
701	8	La porta d'entrada primitiva, dovellada, és a migjorn.
702	8	El cas més famós és el gel amorf.
703	8	Hi ha molts estils diferents de teràpia manual.
704	8	En les cèl·lules vegetals l'efecte és més dramàtic.
705	8	La diòcesi comprèn el departament de les Landes.
706	8	Vuits i nous, i cartes que no lliguen.
707	8	Relaciona la semàntica lingüística amb el coneixement enciclopèdic.
708	8	És emprada per a recollir líquids i secrecions.
709	8	Cada contestació errònia descomptarà zero coma quinze punts.
710	8	Les cantonades també estan esgrafiades amb motius vegetals.
711	8	Tenen un cos robust i un cap gros.
712	8	Fulminante va ésser condemnat amb sentència de mort.
713	8	Els interruptors i llums permeten dues representacions numèriques.
714	8	Va publicar treballs sobre platihelmints i citogenètica evolutiva.
715	8	Està a només un viatge curt amb tren.
716	8	No és necessari que la substància sigui líquides.
717	8	La bruixa malvada i el bruixot estaven conxorxats.
718	8	Molts dels altres personatges no apareixen al programa.
719	8	Políticament el club és associat a l'esquerra israeliana.
720	8	Una persona que estudia bacteriologia és un bacteriòleg.
721	8	Diverses dones amb vestits bohemis ballen al bosc.
722	8	Bé, sí que ho he estat fent, d'acord.
723	8	La introducció accidental d'espècies invasores també és preocupant.
724	8	Actualment s'han rehabilitat les façanes i la coberta.
725	8	L'àrea fou primerament poblada en el període paleolític.
726	8	És una casa de quatre cossos distribuïts irregularment.
727	8	Coneixent el caràcter autònom de les institucions imaginàries.
728	8	Es tracta d'una espècie solitària i principalment nocturna.
729	8	Els seus excrements són molt foscos o negres.
730	8	Això ha portat a molta investigació i generalització.
731	8	El museu té sis sales amb diferents activitats.
732	8	S'espera que els ingressos augmentin any rere any.
733	8	Un cop més experimentava el llenguatge sense paraules...
734	8	Res, excepte el collaret i un grapat d'anells!
735	8	Continua en marxa el seu procés de beatificació.
736	8	Hi havia sis pilots d'avaluació de diferents nacionalitats.
737	8	I ja sabia que els professors em mentien.
738	8	També se'l coneixia pel seu lloc de naixement:
739	8	Hi havia moltes granges entre poble i poble.
740	8	Tanmateix, ocasionalment es produeix en adolescents i adults.
741	8	Per aquesta pràctica es necessita un bombardí especial.
742	8	Un gos atrapa una pilota amb la boca.
743	8	Només podies menjar els productes quan n'era temps.
744	8	Siena no va prosperar sota el domini romà.
745	8	La llum dels ulls és l'alegria de l'ànima.
746	8	Els ulls són una mica grans i convexos.
747	8	Junts van rodar documentals, anuncis i vídeos musicals.
748	8	Posseeix dues columnes, amb sengles capitells, per banda.
749	8	La seva desaparició, però, està envoltada de polèmica.
750	8	Va treballar com a administratiu i director gerent.
751	8	Els seients de tots els passatgers tenen endoll.
752	8	Utilitza materials inèdits i resulta un monument d'erudició.
753	8	L'escafoide ocupa les dues files d'ossos del carp.
754	8	Com a pintor s'interessa sobretot pel cos humà.
755	8	També és anomenat productor capitalista o productor financer.
756	8	Cobraven i desapareixien sense mai lliurar el vi.
757	8	Algunes poblacions tenen vaixells disponibles si es necessiten.
758	8	La cronologia és molt difícil d'apuntar amb certesa.
759	8	L'esquirol va pujar en segons a l'alt roure.
760	8	La convenció de la comunitat n'és l'òrgan legislatiu.
761	8	La germana reclosa és el meu primer record.
762	8	És una història intel·ligentment, i amb estil tranquil.
763	8	Es pot fer internament, sense recórrer als mitjans.
764	8	Però cap oferta d'aquest tipus es va materialitzar.
765	8	Necessitaràs practicar més si vols dominar aquesta peça.
766	8	Sortir del foc per caure a les brases
767	8	La base de dades és orientada a documents.
768	8	L'almirall només vol fotos personals i altres records.
769	8	Va ser mestre de capella de diversos convents.
770	8	Rememora la victòria dels cristians sobre els musulmans.
771	8	S'utilitza amb adreces web que utilitzen l'alfabet ciríl·lic.
772	8	Es troba en llocs d'herba humida i rasa.
773	8	Quin dels dos va obtenir una puntuació millor?
774	8	També s'ofereixen serveis d'allotjament, alimentació i orientació jurídica.
775	8	Al nord limiten amb el poble turquès iacut.
776	8	S'hi pot accedir amb ferri o amb avió.
777	8	Als voltants hi ha molts municipis més petites.
778	8	I les parts instrumentals són estranyes i espacials.
779	8	Cambrer, em porta el compte, si us plau?
780	8	Casa bona no farà qui molts fills tindrà.
781	8	Si bé l'estil és egipci té influències meroítiques.
782	8	Un japonès mai no demana ajuda a l'enemic.
783	8	La seva fauna vertebrada presenta alguns elements interessants.
784	8	Els colors indiquen l'afiliació política de cada president.
785	8	Un home mira el que fa l'altra gent.
786	8	Desgraciadament el missatge polític influeix també a l'art.
787	8	No obstant això, no era un partit independentista.
788	8	Això va fer que tingués un èxit brillant.
789	8	Alguns consideren que és el primer ordinador personal.
790	8	És ridícul, tan sols estem gravant un anunci.
791	8	Seria, de fet, la seva última aparició pública.
792	8	Fou l'autor del primer tractat musical de guitarra.
793	8	El seu color de cabell és ros platí.
794	8	La cua és peluda i de color negre.
795	8	Està situada al centre del nord del país.
796	8	La burgesia va ser principalment representada per comerciants.
797	8	Façana amb porta motllurada amb ull de bou.
798	8	Alguns jocs han estat llicenciats a empreses interessades.
799	8	El parament d’aquest edifici és de carreus vistos.
800	8	Calfem l’aigua i, en bollir, aboquem els fesols.
801	9	Tots dos trams de galeria estan arrebossats i emblanquinats.
802	9	Em podria confirmar quan es va llegir aquest missatge?
803	9	La majoria tenen un color brunenc o verdós mat.
804	9	No obstant, aquella influència estava limitada a certes àrees.
805	9	Els cursos inclouen anglès, matemàtiques i altres disciplines bàsiques.
806	9	A més, el fort onatge fa poc recomanable banyar-s'hi.
807	9	Es tracta d'un procés continu al llarg d'un projecte.
808	9	Són plantes perennes rastreres, piloses i de color grisenc.
809	9	Edifici de planta rectangular amb baixos i dos pisos.
810	9	El nostre lloc web no s'actualitzarà durant un temps.
811	9	Per sobre de l'antic pòrtic s'alça un campanar quadrangular.
812	9	La primera planta està dedicada íntegrament a l'època romana.
813	9	Presenta un pati central enjardinat amb habitacions al voltant.
814	9	El seu fruit és una beina que conté llavors.
815	9	Les obertures són bastides en pedra i estan desbastades.
816	9	El risc de contraure la malaltia és molt alt.
817	9	El resultat n'és un dels diversos tipus d'estels compactes.
818	9	El planeta està compost gairebé íntegrament per materials rocosos.
819	9	Un cop seca es podien treure sense cap problema.
820	9	Ulls envoltats per una petita àrea de teixit adipós.
821	9	No hi havia cap indici que l'avió tingués problemes.
822	9	El sòl és rocós, principalment format per roca gneis.
823	9	Necessiten una certa ombra i humitat en el sòl.
824	9	Aquesta planta és un arbust espinós, dioic i caducifoli.
825	9	El seu disseny influí a autors d'altres sistemes operatius.
826	9	Tothom qui hi va anar estava content d'haver-ho fet.
827	9	Sé tot el que passa, no preguntis per què.
828	9	Ocells amb grans vols, molta neu i poc sol.
829	9	S'ha especialitzat en història de l'art otomà i islàmic.
830	9	Va ser actor, productor de cinema i crític culinari.
831	9	Hom no es reuneix per a fer-li la guerra.
832	9	Al principi de l'empresa, només hi havia tres treballadors.
833	9	Hi ha porta i finestra a la planta baixa.
834	9	No obstant, això va restaurar la seva popularitat política.
835	9	Et diré el que no és "sense cridar l'atenció".
836	9	Tot i això, s'establí definitivament a la ciutat basca.
837	9	Addicionalment, compta amb vaixells auxiliars i llanxes de desembarcament.
838	9	Fou nomenat gentilhome de cambra del Rei amb exercici.
839	9	Algunes taules són de marbre amb els peus originals.
840	9	La façana es clou amb un ràfec de teula.
841	9	Aquest esquema és relativament modern i parcialment encara s'usa.
842	9	La bicicleta estàtica em pren moltes hores de feina.
843	9	S'han fet moltes més solucions i té altres usos.
844	9	Com a vaixell d'abastiment, va evitar entrar en combat.
845	9	Teniu en compte que aquestes no s'han d'anomenar concentracions.
846	9	S'ha trobat ilmenita a les roques de la Lluna.
847	9	Fou una il·lustradora de llibres per a infants catalana.
848	9	A la part superior hi ha un ràfec sobresortint.
849	9	Poques setmanes després iniciava el camí dolorós de l'exili.
850	9	Aquests han de conèixer i respectar les diferents banderes.
851	9	Consta de tres plantes i té coberta de teula.
852	9	Les precipitacions solen ser abundants per tardor i hivern.
853	9	Tothom pot escoltar gravacions i veure vídeos de l'arxiu.
854	9	Nasqué en el si d'una família humil i treballadora.
855	9	Li han dedicat exposicions temporals diversos espais d'art contemporani.
856	9	Ella creava unes formes elegants i proporcionades i senzilles.
857	9	Forma una sèrie de solució sòlida amb la turquesa.
858	9	L'interior i l'exterior són arrebossats i pintats de blanc.
859	9	Van venir per representar l'esperit bohemi de la regió.
860	9	El llibre, com el primer, tingué un enorme èxit.
861	9	Els forjats són de biga de fusta i revoltó.
862	9	L'immoble està orientat a sud i té façana simètrica.
863	9	L'ametler ocupa des de fa anys una superfície considerable.
864	9	I molts testimonis foren favorables a les embarcacions catalanes.
865	9	Estructuralment està compost de planta quadrangular amb dos pisos.
866	9	L'agricultura de regadiu està ben desenvolupada a la regió.
867	9	Això inclou la promulgació de les noves lleis aprovades.
868	9	És el resultat d'una combinació d'estructura metàl·lica i d'obra.
869	9	Durant sis anys va formar part del planter castellà.
870	9	Després de diversos anys d'absència, torna a la pantalla.
871	9	Nadal amb lluna lluent, al foc posa més sarment.
872	9	Va ser executat abans, el mateix dia de l'escena.
873	9	Equip de televisió entrevista una dona amb un nadó.
874	9	Tot i així, la seva visita no passa inadvertida.
875	9	Es troba en els amiloplasts de les cèl·lules vegetals.
876	9	L'església és pintada amb decoracions vegetals i amb àngels.
877	9	Es considera una de les millors epopeies del Renaixement.
878	9	La part superior té un pati obert de columnes.
879	9	La monarquia electiva pot funcionar com a monarquia hereditària.
880	9	La seva decoració consisteix en motius vegetals i espirals.
881	9	Les seves acusacions contra la companyia eren principalment tres.
882	9	Introducció ràpida d'emojis i altres caràcters de difícil accés.
883	9	La informació s'ha tret de la seva pàgina oficial.
884	9	La pulsioximetria té avantatges però també presenta alguns inconvenients.
885	9	Un surfista de neu fa una acrobàcia a l'aire.
886	9	És molt probable que morís en el setge d'Acre.
887	9	És un honor tenir aquestes botes a la cara.
888	9	Si aquest paio en sap d'explosius, podria haver-hi problemes.
889	9	No sé si començar un llibre o una sèrie.
890	9	Durant tota la seva activitat, s'ha dedicat a l'ensenyament.
891	9	Destaca la seva participació en seminaris i congressos internacionals.
892	9	Les dades genètiques donen suport al monofiletisme d'aquest grup.
893	9	Per que està concentrat en vostè, en aquest moment?
894	9	Ho està fent perquè és el que vol fer.
895	9	Durant la seva explotació, el film bat diversos rècords.
896	9	La seua obra ha estat traduïda a diverses llengües.
897	9	Aquesta condició se sol veure més en gent gran.
898	9	El centre alberga la baralla de la mort femenina.
899	9	Està situada en la part meridional de la ciutat.
900	9	L'anàlisi de cost-utilitat és similar a l'anàlisi de cost-efectivitat.
901	10	A la part posterior hi ha un cos més alt.
902	10	A la primera, el rei perdona; a la segona, catxamona.
903	10	A l'edat mitjana fou dominada segurament per les tribus bhils.
904	10	A partir d'aquí, ràpidament esdevingué una estrella del cinema iranià.
905	10	Així, als mandeus hom els relacionà erròniament amb els sabeus.
906	10	Així, els nous descobriments tecnològics promouen nous arguments de ficció.
907	10	Al pis superior s'obren dues obertures en forma de rombe.
908	10	Al tercer i al quart hi ha tres balcons individuals.
909	10	Allà el jove va acabar reclòs en un hospital psiquiàtric.
910	10	Aparentment, va ser-li inspirat per un somni induït per l'opi.
911	10	Aquesta obra també fa que els morts per enverinament baixen.
912	10	Aquestes partides usualment reben el nom de capital de treball.
913	10	Com a entrenador és recordat per la seva fèrria disciplina.
914	10	Constantment s'obren nous camps d'aplicació per al carbonat de calci.
915	10	Conté dos cicles ben diferenciats: el trinitari i el cristològic.
916	10	Des d'aleshores, els habitants ho commemoren amb un festival anual.
917	10	Després va mostrar-se ell mateix, sense el maquillatge de pallasso.
918	10	Dóna suport a la població civil en casos d'emergència nacional.
919	10	Dues dones grans tenen una conversa profunda en el sofà.
920	10	El comerç consisteix principalment en el granit i els cereals.
921	10	El dibuix admet una gran varietat de formes i combinacions.
922	10	El meu govern no es guanya per cap acció d'inseguretat.
923	10	El pagès va bescanviar el cavall per un bou bru.
924	10	El seu pare era enginyer, i el seu avi, terratinent.
925	10	El seu veritable nom no es revela mai al joc.
926	10	Els acritarcs inclouen restes d'una àmplia diversitat de classes d'organismes.
927	10	Els fills són el bastó de vellesa de llurs pares.
928	10	Els francesos eventualment van tornar el foc, però sense efectivitat.
929	10	Els seus textos provocadors eren rebutjats moltes vegades pels editors.
930	10	Els tarsos són llargs i gruixats, de color vermell clar.
931	10	Em costarà aproximadament un dia organitzar una llista de fonts.
932	10	En aquesta ocasió tanmateix l'ajut singalès va arribar massa tard.
933	10	En català, el terme catgut s'utilitza només a l'àmbit medical.
934	10	En ciutats importants, van establir talls d'estil occidental amb jurats.
935	10	En contraposició, l'esquerra defensa els interessos de la classe treballadora.
936	10	Ens agrada pensar que tots els nostres casos són importants.
937	10	És arrebossada i actualment les decoracions quasi no es veuen.
938	10	Es desconeix el tipus d'assentament que originà el registre exhumat.
939	10	És la primera secció del programa, dedicada als més petits.
940	10	Es preferien les obres nacionals o històriques amb temes messiànics.
941	10	És un edifici civil cobert amb teulada a dues aigües.
942	10	És un riu de tipus estacional que sovint s'asseca l'estiu.
943	10	Es va fer de manera similar a la producció israeliana.
944	10	Estimada, el paradís estava aquí i jo no ho sabia.
945	10	Finalment es va aconseguir que apareguessin a la primera sèrie.
946	10	Fou internacional amb la selecció iugoslava i la selecció eslovena.
947	10	He agafat un número i he trobat el meu seient.
948	10	Hi ha diverses tradicions sobre les circumstàncies de la mort.
949	10	Hi ha diversos castells i fortaleses repartits per la província.
950	10	Hi ha poques obertures, només dues tenen la pedra treballada.
951	10	Hi ha regularitat en les obertures de tota la façana.
952	10	Hi ha una segregació espacial per mida i condició reproductiva.
953	10	Hi havia revistes i residències sota els murs de terra.
954	10	Immediatament va fer tot un seguit d'esbossos amb aquest motiu.
955	10	La coberta és de pissarra del país a quatre vessants.
956	10	La primera fase és la recepció en la fàbrica sucrera.
957	10	La sèrie es va analitzar i discutir molt als mitjans.
958	10	La seva actuació seria molt felicitada per la població saragossana.
959	10	La seva dieta consisteix en bambú i altres materials vegetals.
960	10	La seva saba es torna vermella en contacte amb l'aire.
961	10	La seva sexualitat resulta imponent: pits, natges i llavis exagerats.
962	10	La tintura o l'extracte pot ser utilitzat externament contra l'herpes.
963	10	L'avió es va incendiar i això va fer que s'estavellés.
964	10	L'edifici ha estat la seu de l'empresa il·legal durant dècades.
965	10	L'empresa tenia previst d'alliberar les patents de tota la gamma.
966	10	L'entrada és gratuïta i té accés adaptat per a minusvàlids.
967	10	L'època en què va viure no se sap amb seguretat.
968	10	L'equip de futbol del poble juga a la divisió d'aficionats.
969	10	Les forces armades són la base de la defensa nacional.
970	10	Les jurisdiccions dels tribunals de districte també segueixen aquesta divisió.
971	10	Les seves composicions són elogiades per la dignitat i l'enginy.
972	10	No, aquest no va ser mai el seu pla verdader.
973	10	No ha estat mai nominada per a cap premi encara.
974	10	No hi ha dubte que vida és un concepte científic.
975	10	Petita capella de planta rectangular amb teulada a doble vessant.
976	10	Posteriorment, la tecnologia digital li ha permès experimentar encara més.
977	10	Potser ens comprem un ranxo en un carreró sense sortida.
978	10	Quatre persones seuen a una terminal d'aeroport amb cares d'avorriment.
979	10	Rematant la façana original, una cornisa motllurada sostinguda per mènsules.
980	10	Sembla que l'activitat a l'illa fou permanent després d'aquesta època.
981	10	Serà etern el seu nom, res no el podrà esborrar.
982	10	Si has d'alliberar els teus homes, aprofita que tenim aliats.
983	10	S'utilitza aquesta modalitat per a obtenir dibuixos amb mesures proporcionals.
984	10	També hi ha algunes cònjuges no jueves de jueus israelians.
985	10	També hi ha les dues universitats més importants del país.
986	10	Tanmateix, no va obtenir feina relacionada amb la seva educació.
987	10	Tanmateix, va tenir una llarga carrera en el teatre clàssic.
988	10	Tenen un paper important en l'estudi modern en aquests camps.
989	10	Tingué un gran desenvolupament en els estils romànic i gòtic.
990	10	Tot el combat no va durar més d'unes dues hores.
991	10	Tots els articles s'han de completar satisfactòriament o l'equip falla.
992	10	Un espia fotografia la imatge d’un treballador robant la carta.
993	10	Un grup de noies juga a un joc a cavall.
994	10	Un habitatge de dues plantes, sobre un fonament de maó.
995	10	Un home que porta un casc blanc és a l'aigua.
996	10	Un noi amb ulleres de busseig juga a una piscina.
997	10	Un noi fa un driblatge amb la pilota al gimnàs.
998	10	Una dona en negre puja a la paret de roca.
999	10	Va observar la fotografia un moment, amb una tristor creixent.
1000	10	Va ser autor de literatura basca i d'estudis de poesia.
