1	1	Vieraita.
2	1	Tajuutko?
3	1	Halaus.
4	1	Kultaseni.
5	1	Kirjoitathan?
6	1	En.
7	1	Aseita?
8	1	Suljettu!
9	1	Lasku.
10	1	Katsopavain.
11	1	Lähden.
12	1	Kreivitär.
13	1	Vaikuttavaa.
14	1	Lakimies.
15	1	Vaaleanpunainen!
16	1	Jää.
17	1	Vararehtorimme.
18	1	Naurettavaa!
19	1	Pääsenhän?
20	1	Puita.
21	1	Minkä?
22	1	Kunniallinen!
23	1	Tulossa!
24	1	Etelä-Afrikasta.
25	1	Todellakin.
26	1	Jatkaisitteko?
27	1	Peruuttaa?
28	1	Perustelkaa.
29	1	Tulkaa.
30	1	Paratiisilintu.
31	1	Okei?
32	1	Säälittävää...
33	1	Atomikomissiosta?
34	1	Mummi!
35	1	Esitit...
36	1	Tietovuoto.
37	1	Sataa?
38	1	Poika...
39	1	Löytyikö?
40	1	Keksin!
41	1	Mainiota
42	1	Kaksitoista!
43	1	Pian.
44	1	Odotat?
45	1	Kiirehtikää.
46	1	Konjakkia?
47	1	Oikeusministeriöstä.
48	1	Periskooppisyvyyteen.
49	1	Omituista.
50	1	Anteeksi:
51	1	Liittoutuma?
52	1	Ennenkuulumatonta.
53	1	Isä?
54	1	Nousehan.
55	1	Vapautusta.
56	1	Millaisen?
57	1	Kaunis.
58	1	Vauhtia...!
59	1	Jatkakaa.
60	1	Lapsirukka.
61	1	Haaste
62	1	Tulkaahan.
63	1	Kotiopetus.
64	1	Anteeksi!
65	1	Mälsä.
66	1	Ylpistelijä.
67	1	Isomman?
68	1	Yksin.
69	1	Hiiop!
70	1	Eivät.
71	1	Todella.
72	1	Roisto!
73	1	Airot.
74	1	Varo!
75	1	Kato.
76	1	Miesraukka.
77	1	Syvyyspommeja!
78	1	Vaarallisia?
79	1	Jippi-jee.
80	1	Kuolemanpää-virus.
81	1	Riviin!
82	1	Vesirokko?
83	1	Empatia...
84	1	Yllätys?
85	1	Vastalause.
86	1	Istuhan.
87	1	Kolmekymmentä?
88	1	Erinomaista
89	1	Kerran?
90	1	Uskokaajo!
91	1	Haaveita.
92	1	Suutele!
93	1	Rentoudu.
94	1	Lopetetaan.
95	1	Juomuilla.
96	1	Mustikkaa.
97	1	Nokkelaa.
98	1	Peräänny!
99	1	Olin.
100	1	Vauhtia!
101	2	Näyttää autiolta.
102	2	Ei sujunut.
103	2	Olen ystävä.
104	2	Älä katso.
105	2	Pian sarastaa.
106	2	En tiedä...
107	2	Rakastan työtäni.
108	2	Kiitos, hyvää
109	2	En välitä.
110	2	Tämäpä yllätys.
111	2	Kertokaa mitä!
112	2	Minkä niminen?
113	2	Perheen tunnuslause.
114	2	Yhä kuollut?
115	2	Näytät juhlalliselta.
116	2	Tarvitset apua.
117	2	Olette jälkijunassa.
118	2	Yritetään uudestaan.
119	2	Tuoksutte vaniljalle.
120	2	Olen häpeissäni.
121	2	Ei yksikaan.
122	2	Poika valehtelee.
123	2	Vähän itsehillintää.
124	2	Te pienenette.
125	2	Oletko sekaisin?
126	2	Kaksi olentoa.
127	2	Menepä kylpyyn.
128	2	Olipa tuuria.
129	2	Liikaa muistoja.
130	2	Senkin barbaarit.
131	2	Vaikka elän.
132	2	Sepä hauskaa.
133	2	Hienot vaatteet.
134	2	Ehkäpä olikin.
135	2	Hän nukkuu.
136	2	Olen vakavissani.
137	2	Enkä esiinny!
138	2	Pikkuisia peikkoja.
139	2	Kolmesataaneljäkymmentä... viisi.
140	2	Uskotko astrologiaan?
141	2	Mene tuonne.
142	2	Tämä häiritsee.
143	2	Vauhtia, banaani!
144	2	Olen työtehtävissä.
145	2	Käännä kytkimet.
146	2	Lopetetaan tämä!
147	2	Voisimmeko lähteä?
148	2	El kabrioletto?
149	2	Suojaa minua!
150	2	Todella hyvää.
151	2	Kuulkaas herra!
152	2	Saat anteeksi.
153	2	Ainakin teoriassa.
154	2	Etsitään hänet.
155	2	Ai, sinä.
156	2	Mitä te...?
157	2	Pilailin vain.
158	2	Älä puhu...!
159	2	Kuuntelemme hetken.
160	2	Sammuttakaa tulet.
161	2	Vauhtia, vauhtia!
162	2	Saanen yrjötä.
163	2	Kuin suden.
164	2	Haluatteko syödä?
165	2	Esitätkö Kuolemaa?
166	2	Mitä työtä?
167	2	Hei, tytöt!
168	2	Palaan heti.
169	2	Vain palasia.
170	2	Ehdottomasti en
171	2	Menen perään.
172	2	Väärä piirikunta?
173	2	Ei tietenkään.
174	2	Pidä kiirettä!
175	2	Eteen vie!
176	2	Tule sinne.
177	2	Enemmän sinkkivoidetta.
178	2	Unohda se.
179	2	Ollaan varovaisia.
180	2	Tule huomenna.
181	2	Tärskyn leukaan!
182	2	Niin luulisi.
183	2	Tulen vaimoksesi.
184	2	Nuku, isä.
185	2	Noin juuri.
186	2	Ei tarvitse.
187	2	Taistelun varalta...
188	2	Jäättehän taloon?
189	2	Suljettuun huoneeseenko?
190	2	Urhea tyttö.
191	2	Kuulostanko tuolta?
192	2	Ja retkuväet.
193	2	Enkä pettynyt.
194	2	Tiedän tunteen.
195	2	Kävin psykiatrillakin.
196	2	Pelästyivätkö he?
197	2	Skotlannissa tehtyä.
198	2	Saatanan paskiainen.
199	2	Onneksi olkoon!
200	2	Kuvittelet vain.
201	3	Et tällä kertaa.
202	3	Kertoisitko lisää työstäsi?
203	3	Aina on vaihtoehtoja!
204	3	Voi syttyä sota.
205	3	Eilen illalla, teatterissako?
206	3	Lennetään vielä ilmaan.
207	3	Minä torjun sen.
208	3	Poika tulee isäänsä.
209	3	Minua odotetaan yläkerrassa.
210	3	Näitkö ensimmäisen iskun?
211	3	Ja rupesi nyyhkyttämään.
212	3	Täytyy hinata korjaamolle
213	3	Menette siis tanssiaisiin?
214	3	Saatan aistia hänet!
215	3	Olit herttainen isoäidilleni.
216	3	Olette liian fiksuja.
217	3	Palaa kuningattaresi luo.
218	3	Tai veitsen kohtalo.
219	3	Ei kuulu sinulle.
220	3	En minä varastanut.
221	3	Onko tämä arvokas?
222	3	Haluaisin puhua tuoleista.
223	3	Hän lönkyttää veräjälle.
224	3	Ettekö usko minua?
225	3	Voi hyvän tähden.
226	3	Kyllä sinä kuolet!
227	3	Sinulla on koti-ikävä.
228	3	Jäädään odottamaan apua.
229	3	Tätäkö sinä etsit?
230	3	Onko sinulla puhelinluetteloa?
231	3	Syy oli minussa.
232	3	Jakaannumme kolmeen ryhmään.
233	3	Osaisinpa vastata tuohon.
234	3	Välitön ja kivuton.
235	3	Tuo on totta.
236	3	Siviilit allekirjoittavat salassapitosopimuksen.
237	3	Kurkistan vain vähän.
238	3	Emme tarvitse saarnaa.
239	3	Mitäs täällä tapahtuu?
240	3	Tiedän miten piristyt.
241	3	Sinulla on tippuri.
242	3	Osaan hillitä itseni.
243	3	Kuten uusi Saksa...
244	3	Kahden lapsen kanssa?
245	3	Mihin sinua sattuu?
246	3	Käyttävät jonkinlaista hämäystä.
247	3	Mitä sinä odotat?
248	3	Tietysti me selviämme
249	3	Kerroin hänelle tietosi.
250	3	Loisina olivat eläneet.
251	3	Sinä voit lähteä.
252	3	Kuka löysi ruumiin?
253	3	Ja lampaita on.
254	3	Sinä katsot kuukauden.
255	3	Hän kasvatti puun.
256	3	Minä ottaisin vettä.
257	3	Nyt on aika
258	3	Olisin litistynyt täysin.
259	3	Mitä tarkoitat avulla?
260	3	Minä olin voittanut.
261	3	Tiedän tuollaiset miehet.
262	3	Oletteko kunnossa, eversti?
263	3	Tätä me olemme
264	3	Hilda ei antanut.
265	3	Mikä häntä vaivaa?
266	3	Liityitte yhdessä, vai?
267	3	Olet oikein antelias.
268	3	Palkolliset häipyivät jo!
269	3	Voi tätä tuskaa!
270	3	En tarvitse lapsenvahteja.
271	3	Tai minun kotoani?
272	3	Minä olen raskaana.
273	3	Oletko sinä kasvanut?
274	3	Ota esiin aseesi.
275	3	Kömpelö, naljaileva typerys.
276	3	Rakastatko vai et?
277	3	Hän oppii kyllä.
278	3	Pitää lukea ihailijaposti.
279	3	En tehnyt sitä.
280	3	Ikävä juttu, tytöt.
281	3	Onko mitään tarjottavaa?
282	3	Hankkikaa omat voiteet.
283	3	Luulin, että menit...
284	3	Ovi on tuollapäin!
285	3	Auta isi ylös.
286	3	He näyttivät kauheilta.
287	3	Asui varmaan sisäoppilaitoksessa.
288	3	Et sinä tiedäkään.
289	3	Tulen sinun perääsi.
290	3	Minä en lähde.
291	3	Lähetän sinulle jotain.
292	3	Joudumme vielä sähkötuoliin.
293	3	Ennen kuin unohdan:
294	3	Älä tee tuota.
295	3	Taivas löi tulta.
296	3	Merkillistä, eikö vain?
297	3	Jotain tapaukseen liittyvää.
298	3	Mummo siunailee veräjällä.
299	3	Paljonko kello on?
300	3	Etkö pitänyt kirjoituksistani?
301	4	Menisitte hyttiinne makoilemaan hetkeksi.
302	4	Hieno yleisö, rakasti esitystä.
303	4	En malttanut pysyä poissa.
304	4	Joukkomme olivat kutistuneet merkittävästi.
305	4	Veronika-kulta, eihän tuo sovi.
306	4	Aion keskeyttää tuon pelin.
307	4	Nyt han on rohkeampi.
308	4	Minäkin taidan ottaa lasillisen.
309	4	Hyvin tehty se on.
310	4	Nyt oikein kunnon hymy.
311	4	Se on muodissa täällä.
312	4	Etkö ole kuullut puhelimesta?
313	4	Kauppasopimuksia arvostellaan usein perusteetta.
314	4	Ihmiset suuttuvat, tiedät sen.
315	4	Katsohan, yritin auttaa sinua.
316	4	Hyvä, minä löysin laukkuni.
317	4	Vaipan helmakulmat jo erottuvat.
318	4	Mitä jos heittäisitte kolikkoa?
319	4	Silloin ajatus hiipi mieleeni:
320	4	Hän on aina myöhässä.
321	4	Kuinka kauan olemme tunteneet?
322	4	En ostanut vaan vapautin.
323	4	Siksi olin niin masentunut.
324	4	Meidän täytyy jättää kaupunkimme.
325	4	Kyse on tarkoista yksityiskohdista.
326	4	Yksi abydosilainen vuosi kulunut.
327	4	Et anna vaan otat.
328	4	Pois kohti pimeyden maita.
329	4	Tietty, on heissä hyviäkin.
330	4	Vedenpinta on vaarallisen matalalla.
331	4	Taas se perhanan Buddy.
332	4	Asia ei kuulu minulle...
333	4	Kaikki kirjoihin ja kansioihin.
334	4	Äänestimme jälkimmäisen vaihtoehdon puolesta.
335	4	Meidän pitää työskennellä yhdessä.
336	4	Paljon, jos olet nälkäinen.
337	4	Johtaja haluaa vankilashow'n hämäykseksi.
338	4	Olet ainoa, jota rakastan.
339	4	Kate kertoi veljesi kuolemasta.
340	4	Ei takkia ilman lappua.
341	4	Anteeksi, että herätin sinut.
342	4	Kunnon pitäisi olla kohdallaan...
343	4	Ette taida muistaa minua.
344	4	Sienet, ja puolukat marjoista.
345	4	Äänestäjillä on oikeus äänestää.
346	4	Pidän siitä riisiviinan kera.
347	4	Laboratorio etsi takista veritahroja.
348	4	Tutkitteko jo nyt taskujani?
349	4	Onko täällä puhelinta, Jane?
350	4	Tiedän mitä aiot sanoa.
351	4	Bagheera ei pidä tästä.
352	4	Haluatko jotain juotavaa, kultaseni?
353	4	Saat pidätellä kotiin asti.
354	4	Odotetaan viisi minuuttia vielä.
355	4	Tämä on liian vaarallista.
356	4	Ihmisten aromi, vallankumouksen pauhu.
357	4	He haluavat luotettavan miehen.
358	4	Minä en odota ketään.
359	4	Älä tee pahaa pojalleni.
360	4	Et sinä seksiä pelkää.
361	4	Minä teen päätökset nyt.
362	4	Mitä sinulla on kaulassasi?
363	4	Ollos siunattu vaimojen keskuudessa
364	4	Olet tainnut hukata jotain.
365	4	Missä he voivat olla?
366	4	Mitä sinä teit varusteillesi?
367	4	Kaikki miehet tahtovat savukkeitani.
368	4	Minulla on huomenna synttärit.
369	4	Äänestämme nyt arvojärjestyksen määrittämiseksi.
370	4	Palat aikasi ja sammut.
371	4	Sitten sinut testataan viikoittain.
372	4	Älä polta, ole kiltti.
373	4	Minä en jätä häntä.
374	4	Tämä on anazasien kirjoitusta!
375	4	Ette taida kuulla nytkään.
376	4	Se maksettiin jo edustustililtäni.
377	4	Hän on vanha kaverini.
378	4	Siitä ei ole epäilystäkään.
379	4	Sen jälkeen ollaan omillaan.
380	4	Vaikka on lähes aikaihminen.
381	4	Äänestin luonnollisesti mietinnön puolesta.
382	4	Mutisi niiden olevan suuria.
383	4	Tämän on parempi toimia.
384	4	Miksi et kertonut minulle?
385	4	Charlotte taas ranskalainen maalainen.
386	4	Hyvä että pääsit tulemaan.
387	4	Tule sisään, lepyttelen häntä.
388	4	Pankaa se muiden mukaan.
389	4	Olemme itse valinneet alamme.
390	4	Mitä se poika ajatteli?
391	4	Näpit irti minusta, taukki!
392	4	En ole varma hipoista...
393	4	Kummallista: häntä ei näy.
394	4	Pidä huoli että hoidat.
395	4	No, enpä nyt tiedä.
396	4	Mutta kuka muu uskoo?
397	4	Tiedättekö, miksi hän lähti?
398	4	Eikö se ollut Raamatusta?
399	4	Nyt sinä pelastit minut.
400	4	Minäkö muka ryömisin takaisin!
401	5	Jos sopii, haluaisin varmistaa asian.
402	5	A-komppania, oikealla jalalla, nopeaa marssia.
403	5	Toinen juttu on sinun työsi.
404	5	Se ei taida kuulua sinulle.
405	5	Tiedät, että et pidä neuvoistani.
406	5	Kunhan se vain on helppoa.
407	5	Tenorin sisällä soivat kauniit sävelet.
408	5	Miten kaukana Craigiesta te olitte?
409	5	Sinun ei pitäisi tuhlata rahojasi.
410	5	On melkein keskiyö, Tohtori Schreber.
411	5	Tässä on kirje, jota odottelit.
412	5	Äänestin epäröimättä tämän mietinnön puolesta.
413	5	Ei ollut puhunut juuri mitään.
414	5	Siitä on jo aikaa, Hunk.
415	5	Ei sinulla ole eväitä, J.J.
416	5	Kuulin, kuinka hirviö vaikeroi tuskissaan.
417	5	Eipä mahdukaan hänen hattunsa ovesta.
418	5	Mutta mieli kävi yhä alakuloisemmaksi.
419	5	Siellä he iloisina polskuttelivat menemään.
420	5	Sopii tuollaiselle paskiaiselle kuin sinä.
421	5	Mitalit eivät ole mikään puolustus.
422	5	Jäädä kotiin ja lukea kirjaa.
423	5	Miksi tämä piti tehdä näin?
424	5	Auto tuolla pihalla, jolla tulit.
425	5	Emännöitsijä ei taida pitää hänestä?
426	5	Käyn yläkerrassa, tulen kohta takaisin.
427	5	Hän on aina ollut yksin.
428	5	Älä ota sitä henkilökohtaisesti, seriffi.
429	5	Sitä tehdessä meni puoli päivää.
430	5	Robbie syntyi seitsemän kuukautta myöhemmin.
431	5	Puhuimme valehtelusta ja toden puhumisesta.
432	5	Haluan vain istua kylpyhuoneessa kanssasi.
433	5	Ehdonalais kuulusteluun on neljä vuotta.
434	5	Kun ihminen palaa täydellä liekillä.
435	5	Oliko se miehen paras ystävä?
436	5	Nyt olet saanut minut ansaan.
437	5	Tulin vain taas lannistamaan sinua.
438	5	Suolla porskuu vesi pieksujen alta.
439	5	Olet varmasti ylpeä tästä, Wilfrid.
440	5	Hyvät lehdistön edustajat, hyvät ystävät.
441	5	Olen varma, että ansaitsit sen.
442	5	Joki ei selvästikään ollut luonnontilainen.
443	5	Eikä se olisi helppo kuolema.
444	5	Hän lupasi ottaa pian yhteyttä.
445	5	Tehtävää on kuitenkin vielä paljon.
446	5	Naisille ilmeitä löytyy puolen tusinaa.
447	5	On kai tapana antaa papille.
448	5	Mitä tehtäisiin näiden olojen suhteen?
449	5	Minulle tuli vain outo olo.
450	5	Me lensimme portista uskomattoman lujaa.
451	5	Antautumisenne jälkeen, lakkasitte olemasta sotilaita.
452	5	Saasta yhdessä muiden saastojen kanssa.
453	5	Et sinä sille mitään voi
454	5	Mä en pääse ylös aamulla...
455	5	Mitäs tuo tyttö tähän kuuluu?
456	5	Tuo ei ole mikään kesähuvila.
457	5	Ensi hetkestä olen odottanut tunnustusta.
458	5	Näin, miten ne puhkesivat elämään.
459	5	Mistä sinä ne sait, Tommy?
460	5	Sinun pitää saada raitista ilmaa.
461	5	Meillä ei sellaisia hienostohömpötyksiä käytetä.
462	5	Tiedatteko, onko han saanut sahkeeni?
463	5	Hän ei ole ensimmäinen harhailija.
464	5	Sinä et ole enää pappi.
465	5	Hänen autonsa akku varmaan tyhjeni.
466	5	Olen ollut työtön neljä kuukautta.
467	5	Useimmat kulttuurit ajattelevat toisin päin.
468	5	Missä se toinen kaveri on?
469	5	Tuo ei ole enää työhuoneesi.
470	5	Olette ystävällisesti tunnistanut oman kirjepaperinne.
471	5	Käyttäydyt kuin hän olisi ilmaa.
472	5	Herrat ovat liitossa, ja Pönkönen.
473	5	Kärpästen siivet muistuttavat mielen lentoa.
474	5	Ettekö tahtoisi ensin harjata hampaat?
475	5	On siinä kanssa, akan takia.
476	5	Saako vain kommunisti lukea Marxia?
477	5	Hän puhui, ja minä kuuntelin.
478	5	Vallan monopoli on uhka vapaudelle.
479	5	Teidän ei pitäisi aliarvioida heitä.
480	5	Daniel ei rakasta minua enää.
481	5	Ei sinulla ole varaa tähän.
482	5	Miten hirveää kuolema voi olla?
483	5	Mikä valtion vihollinen minä olen?
484	5	Runkohuoneen länsipäädyn ikkuna-aukot ovat alkuperäiset
485	5	Väliäkö siitä kenen sisko on?
486	5	En ole oppinut käsittelemään näitä.
487	5	Eikö teillä ole muuta tekemistä?
488	5	Ryökäleet hyökkäsivät kimppuuni viime yönä.
489	5	Sä taas vastaus olet haaveisiin.
490	5	Pojat, taisimme löytää jotain jännää.
491	5	Sitten hän meni noutamaan kerppuja.
492	5	Ei Kenny edes ole ystäväni.
493	5	Susie pääsee siitä ketaleesta eroon.
494	5	Olen sitä paitsi jäljessä kolumnissani.
495	5	Tuosta on vain pari minuuttia.
496	5	Tiedätkö miten hän kuvaili seksielämäänne?
497	5	Olemme helppo maalitaulu, sanon ma.
498	5	Kolme kappaletta Muistiinmerkintöjä pieneltä saarelta
499	5	Lordi Louis on varmasti kiitollinen.
500	5	Murhaajat ovat kuolleet ajat sitten.
501	6	Huone ei näytä samalta ilman niitä.
502	6	Suomalaisen kansanrunouden juuret ulottuvat pitkälle esihistoriaan
503	6	Miten saitte tiedon meitä kohdanneesta iskusta?
504	6	Olen kunnossa, ja Hilda-täti on täällä.
505	6	Hänet karkotettiin, sillä hän käyttäytyi sopimattomasti.
506	6	Kerroin hänelle kuinka pätevä sinä olet.
507	6	Minä nukuin, ja te herätitte minut.
508	6	Kaikki lihansyöjät ja muut osapuolet koolle.
509	6	Olen kaksi päivää kirjan aikataulusta myöhässä.
510	6	Tiedätkö, maalasin sinut noin, shaalin kanssa.
511	6	Esslyn halusi muuttaa testamenttia ja erota.
512	6	Joten minä vain... en vain voinut.
513	6	Johdan murhaajia ja raiskaajia pursuvaa vankilaa.
514	6	En tiedä enää kuka minä olen.
515	6	Pakkasimme kiireessä mukaan yhden Bobon puvun.
516	6	En veisi sinua Pariisiin, ellet pärjäisi.
517	6	Luulin, että tarkastusryhmä hoitaisi hommat kuntoon.
518	6	Koivu mökin nurkalla näyttää melkein mustalta.
519	6	Meistä tuli läheisiä ja juttelimme lapsuudestani.
520	6	Ole ihan rauhassa, minä odotan täällä.
521	6	Han on niin hyva auttamaan muita.
522	6	Sinun kanssasi minä en pelkää mitään.
523	6	Et voi ymmärtää, miltä se tuntuu.
524	6	Ehkä joku päivä teen töitä sinulle.
525	6	Olin jo päässyt kävelymatkallani tappiaiskaupungin pääaukiolle.
526	6	Kyy teki virheen laittaessaan minut tänne.
527	6	Niin kuin olisimme rakastavaiset, viettämässä aikaa.
528	6	On siis sattunut lento-onnettomuus ja loukkaantumisia?
529	6	Että minua kyllä pelotti hänen puolestaan!
530	6	Parivaljakko oli päässyt veneellä järven keskelle.
531	6	Äitini asui tässä talossa ennen minua.
532	6	Sopisi muuten, mutta minulla on menoa.
533	6	Sinä veit meidät Kennyn luo tahallaan.
534	6	Vorlonien lähdettyä, kymmeniä aluksia on lähetetty.
535	6	Niin ovat monet asiat näinä päivinä...
536	6	Laura ja Kyle, ovat löytäneet toisensa.
537	6	Nuoruus ja kauneus eivät ole rikoksia.
538	6	Luuletko, että haluan menettää tämän paikan?
539	6	Lopeta krupieerin työt tai ilmiannan sinut.
540	6	Apophis määräsi minut tappamaan Hannon isän.
541	6	Mutta tuossa oli vain yksi sivu.
542	6	Parkkipaikan aina löytää Siellä toista tervehditään
543	6	Äänestän tätä sanoinkuvaamatonta sosiaalista taantumaa vastaan.
544	6	Hän pysähtyi portin pieleen kivijalkaa vasten.
545	6	Mennään mihin tahansa, kunhan vain lähdemme!
546	6	Junan takia se olisi sen arvoista.
547	6	Tämä löi Käkriäisen sydämelle pahan suuttumuksen.
548	6	Ehdotan, että Buffy tappaa heidät, sopiiko?
549	6	Sanoin sille nartulle, että minut vapautetaan.
550	6	Syyrian hallituksella ei ole kontrollia alueella.
551	6	Eihän meillä edes ollut mitään suhdetta.
552	6	Tämä oli katolla lähellä tykinkuulan paikkaa.
553	6	Et saanut edes korttia tai kirjettä.
554	6	Valitettavasti moni muukin mies halusi häntä.
555	6	Näitä miehiä syytetään pelkuruudesta vihollisen edessä.
556	6	Lopeta hölmöily, niin minä lopetan ärsyttämisen.
557	6	Sanoin: "Hän ei voi tehdä tätä.
558	6	Ehkä sinä saat, mutta en minä.
559	6	Arvaa mitä hän sanoi minulle kerran.
560	6	Tässä mainitaan, että autoitte testamentin teossa.
561	6	Matkaamme vain hieman kauemmas joka päivä.
562	6	Herranen aika, seppä Ploghan se siinä.
563	6	Vain rotta osaa ajatella rotan tavoin.
564	6	Hän oli myös energinen, eikö vaan?
565	6	Ja se ei koske vain heteroja.
566	6	Hän ei enää kuullut pallon ääntä.
567	6	Onneksi tulin heti, kun sain viestisi...
568	6	Heistä tulee vihittyjä, ja meistä vihollisia.
569	6	Olen sentin lyhyempi kuin viime vuonna.
570	6	Älä puhu kenellekään äläkä kerro minusta.
571	6	Moni kuolee, jos se sota alkaa.
572	6	Voi Barry, olimme niin onnellisia yhdessä.
573	6	Hän tulee kouluun vain minun vuokseni.
574	6	Mitä sinä saat tuosta tärkeilystä, Wyatt?
575	6	Holliday, olen tehnyt tyhmiä temppuja elämässäni.
576	6	Et tiedä, mitä tapaamisemme on merkinnyt.
577	6	Onko golfpallon reikään puttaaminen muka tervettä?
578	6	Mutta sinulla on tietysti eri huone.
579	6	Kaiken lisäksi saan siitä suurta nautintoa.
580	6	Clare alkoi oireilla jokunen vuosi sitten.
581	6	Harmi, että Tony ei ole siellä.
582	6	En inhoa J.J:tä tarpeeksi tällä haavaa.
583	6	Huomasin aamulla, että nakkikioski hakee työntekijöitä.
584	6	Äänestimme tänään elintarvikkeiden hinnannoususta laaditusta päätöslauselmaesityksestä.
585	6	Aiemmat pikku kahakat eivät merkitse mitään.
586	6	Tiedätte kuningas Shahdovin kokeneen verisen vallankumouksen.
587	6	He tietävät mitä voit tarjota avaruusohjelmalle.
588	6	Ei, hyvät lääkärit ovat hoitaneet sinua.
589	6	Kaikissa tapauksissa nuori tyttö sai viestejä...
590	6	Äänestin kommunistisen vasemmiston esittämiä tarkistuksia vastaan.
591	6	Apteekkaria epäiltiin syanidin laittamisesta setänsä hammastahnaan.
592	6	Hänen tyttärensä vihaa häntä, kuten vaimokin.
593	6	Sen löytää vain toisen ihmisen sydämestä.
594	6	Työnsi sormensa letkuun, eikä saa irti.
595	6	Mikäli joukkoni kyselee liikoja, sanokaa vain.
596	6	Sanoit näin, vaikka oletkin kai unohtanut:
597	6	Hän sanoo auttavansa pinteessä kaikin keinoin.
598	6	Sinun pitää vain kestää paineen alla.
599	6	Käyttäkää käsikranaatteja, ne ovat ainoa toivomme.
600	6	Se sammui niin kuin oli käynnistynytkin.
601	7	Hän varmasti tiesi, mitä olin aikeissa tehdä.
602	7	Kauniilla sanoilla, hän huijaa sinut pois varuskunnastasi.
603	7	Et ole sama mies, joka murhasi isäni.
604	7	Sanomattakin on selvää, että olen ylpeä teistä.
605	7	Toimitin hänet piiloon, Ifin linnaan lopuksi ikäänsä.
606	7	Samaan aikaan armeijan miehiä vyöryi sisään avaruusasemalle.
607	7	Vaikka kumppanini häviävät sodan, heillä on liittolaisia!
608	7	Hänkin iloitsi, mutta hän ei ole äiti.
609	7	Jos haluat tehdä jotain, aloita uusi lankakerä.
610	7	Minun pitää harjoitella, mutta olette turvassa täällä.
611	7	Kuorrutusta ei tarvinnut löytää, se löysi meidät.
612	7	Jätä reikärautasi pianon päälle, kun lähdet keikalle.
613	7	Jumalan lait ovat minulle selvät, ihmisten eivät.
614	7	Saatte esimakua viruksen tehokkuudesta muutamien tuntien sisällä.
615	7	Hän ja neiti "vain-puolikas-greippi" lähtivät tunti sitten.
616	7	Syd ja minä emme oikeasti ole pari.
617	7	Sitten sinun on sijoitettava minuun junalipun verran.
618	7	Hän kertoi vain haluavansa jutella Hibbingin kanssa.
619	7	Tai parvekkeelle naimaan, tai kellariin julkkisten sekaan.
620	7	Teillä on uskomaton tuuri naisten kanssa, eversti.
621	7	Joka tapauksessa, saisin kaikki hänen miehensä kimppuuni.
622	7	Luulen, että voin laskea omani tulevan takaapäin.
623	7	Joy voisi hyvinkin haluta esityksen tärkeimmäksi tytöksi.
624	7	Varmistakaa ensin, että Inui on todellakin vetäytymässä.
625	7	Miksi kukaan matkustaisi tänne avaruusaluksella valehtelemaan meille?
626	7	Hei, isä toi karhun Gstaadista vuosia sitten.
627	7	Mutta vielä en ole menettänyt ainoatakaan pelinappulaa.
628	7	Kukaan ei saisi enää kokea Pavelin kohtaloa.
629	7	Hän ei halua herätystä pelkän ryöstön vuoksi.
630	7	Hitto soikoon, ja minä kun ostin kirjankin.
631	7	Luulisin, että se on kuin yksinkertainen oikeudenkäynti.
632	7	Mitä te sanotte Voiko niitä tarjota lehteen?
633	7	Joo, luulen että olet vähän tyhmä toisinaan.
634	7	Mutta ensin meidän pitää oppia luottamaan toisiimme.
635	7	Suurimmassa emoaluksessa matkustaisin minä muiden armeijajohtajien kanssa.
636	7	Olen kuullut samat jutut jo viidessä kaupungissa.
637	7	Kuten hän sanoi, se on vastoin säännöksiä.
638	7	Christopher ei ollut lähelläkään kun Mestari kuoli.
639	7	En halua suudelmaa sinulta tai keneltäkään muultakaan.
640	7	Rikoksenne on maanpetos, jonka rangaistus on kuolema.
641	7	Kuinka todennäköistä on, että tappaja ilmestyy oikeuteen?
642	7	Sitten meillä on pieni ongelma, herra presidentti.
643	7	Yritin mäiskiä nappuloita, minkä kerkesin, mutta tuloksetta.
644	7	Ja missä hän on itse sillä aikaa?
645	7	Mutta en voi sanoa, koska en välitä.
646	7	Huolestumiseni kasvoi entisestään mitä lähemmäksi laskeuduimme maata.
647	7	Kylämme on tuhottu, samoin suurin osa maatiloistamme.
648	7	Joo, hän sai minut kiinni matkalla kylpyhuoneeseen.
649	7	En tiennyt, miltä minusta olisi pitänyt tuntua.
650	7	Joka suojelee, seittien linnaa kaikkia vihollisia vastaan.
651	7	Anna ne meille, niin kaikki on hyvin.
652	7	Jonain päivänä, meidän on kuitenkin valittava perillinen.
653	7	Se on yksi kaikkien aikojen oudoimmista tarinoista.
654	7	Hän antoi tämän avaimen jotta pääsen sisään.
655	7	Ja jos haluatte mitään muuta, kutsukaa minua.
656	7	Sen nimi vois olla Sapsu", sanoi Raivo.
657	7	Mitähän veljesi sanoisi, jos kertoisin, mitä yritit?
658	7	Et arvaa, miten hyvältä minusta tuntuu sanoa:
659	7	Voisitko tehdä palveluksen ja hakea, perheen lautaset?
660	7	Miksi aina käy näin, kun seison tässä?
661	7	Et saa mitään aikaiseksi Dirkin äidin kanssa.
662	7	Sellaista se on tässä kaupungissa, turpiin vaan!
663	7	Ainakin vähensimme koko galaxin Tähtiportit muutamaan mahdolliseen.
664	7	Aloitan terrorismin uhasta, joka maailmassa on todellinen.
665	7	Ulkona oleva kuva antoi pojille erilaisen vaikutelman
666	7	Kyhmy nännisi alla on toisen vaiheen ihosyöpää.
667	7	En käynyt yksityiskoulua eikä minussa ole tyyliä.
668	7	Vai aiotte te tarjota viholliselle minun pääni!
669	7	Eikä teistä ole hyötyä, jos olette hautausmaalla.
670	7	En halua tuntea miehiä, jotka yritän... tuhota.
671	7	Haluan viettää viimeiset tuntini maan päällä kanssanne.
672	7	Jos Sybil palaa ajoissa, pyytäisittekö soittamaan Pariisin-toimistoomme?
673	7	Sitä pitäisi esitellä usein ja arvostaa aina.
674	7	Olette nyt sitä, mitä haluamme teidän olevan.
675	7	Tiedät varmasti jo, mitä tunnen sinua kohtaan.
676	7	Meitä on vain kolme sisarta ja äiti.
677	7	Pitää muistaa kiittää heitä vielä jonain päivänä.
678	7	Aluksi olimme innoissamme: pitkästä aikaa kunnon kesä!
679	7	En ajattelisikaan ehdottavani, että päästäisit murhaajan vapaaksi.
680	7	Kirjoitin näytelmän, joten voin kai ottaa ryypyn.
681	7	Äänestävätkö he vastaan siksi, että valmistajat vastustavat?
682	7	Vain sinä pystyt puolustamaan linnaa Inuita vastaan.
683	7	Mies ei kyennyt pakenemaan, heikoimman meistä kaikista.
684	7	Hiipimisemme siis jatkui aluksen suuntaan varjossa pysytellen.
685	7	Kun liekki sammuu, emme pysty enää sulattamaan.
686	7	Analyysit lisäävät selvästi tuntemustamme euroalueella tapahtuvasta kehityksestä.
687	7	Se tukee palkkia, joka tukee puolestaan kattoa.
688	7	Et voi vain... käskeä häntä tuolla lailla.
689	7	Kaikki mitä oikeudessa tapahtui viittaa hänen syyllisyyteensä.
690	7	En vain keksi millään missä te asutte.
691	7	Jaanan ilme loisti, kun hän kajautti ilmoille:
692	7	Päivä paistoo möllöttää, - toiset muata köllöttää
693	7	Hänessä asuu nyt väkevä ja paha demoni.
694	7	Nappasin kaukosäätimen käteeni ja aloin selailla elokuvatarjontaa.
695	7	Haluat totisesti tuhota kaiken, mikä kuuluu minulle.
696	7	Sen jälkeen olisi kyllä jo käytävä nukkumaan.
697	7	Järjestän hänen levyjään tiskijukille, levyautomaatteihin ja kauppoihin.
698	7	Iloa on minullakin, minut on hyväksytty maamieskouluun.
699	7	Ajattelin, että istuisimme valamies- numeroiden määräämässä järjestyksessä.
700	7	Meillä on yhä viiden tunnin pikamarssi kohteeseemme.
701	8	Mutta hän oli näyttämön takana korkeintaan kolme minuuttia.
702	8	Ei se Pekka oo antanu ittestään mitään kuulua.
703	8	Tarkoitukseni oli muistuttaa näiden miesten aiemmin osoittamasta urhoollisuudesta.
704	8	Jos tämä on lahjus - olen hyvin kiinnostunut.
705	8	Äänestimme siksi kauppaa ja ilmastonmuutosta koskevan mietinnön puolesta.
706	8	Olen pahoillani, Eversti, presidentti ei anna lupaa pelastukselle.
707	8	Äänestin hieman epäröiden tämän sovitteluvaltuuskunnan hyväksymän mietinnön puolesta.
708	8	Teidän ei pitäisi käyttää pyjamaa, vaan lyhyttä yöpaitaa.
709	8	Se on vihainen huoneelle ja haluaa sen kärsivän.
710	8	May saa takauman ja jakaa meille hänen viisauttaan
711	8	En tahtoisi, että sisareni ainoa lapsi vihaa minua.
712	8	Tuskin maltan odottaa sitä, että pääsen käymään sotaa!
713	8	Toivoisin vain, ettei sinun tarvitsisi olla niin salaileva.
714	8	Hän katsoi alas jalkoihinsa nojaten poskensa kämmeniään vasten.
715	8	Naamioit sen hyvin herrasmies- mäisyytesi ja charmisi taakse.
716	8	Kun saan - lääkettä, kuinka nopeasti se vaikuttaa?
717	8	Olemme pienen kaupungin pieni piste suuren suurella kartalla.
718	8	Vasta jos Seittien metsä liikkuu kohti linnaa -
719	8	Hänellä oli pitkälle edennyt syöpä jota ei hoidettu.
720	8	Hyvä on, palautan kynän mutta tämä on kotini.
721	8	Lucifer siteeraa aina Raamattua ja vannoo kuvernöörille kostoa.
722	8	Olet varmaan miettinyt kuinka kauan pidämme teitä täällä.
723	8	Olimme astumassa ulos kaupasta, kun Vanna puuskutti paikalle.
724	8	Tuo on ensimmäinen kannustuksen sana, minkä olet sanonut.
725	8	Ja ufosieppaukset ovat totta, koska "siepatut" sanovat samaa
726	8	Hibbing on ollut hyvä ystäväni kouluajoista asti -
727	8	Kansainvälisen yhteisön työ terrorismin kitkemiseksi ei ole päättynyt.
728	8	Herra Drummond, onko meidän pakko tehdä rakkauskohtaus ensiksi?
729	8	Maailma on muuttunut siitä, kun lähdit juoksentelemaan erämaihin.
730	8	He eivät tunteneet Jackia, mutta hän tunsi heidät.
731	8	Kiitos kaikista näistä vuosista, ja onnea syntymäpäivän johdosta.
732	8	Mitä merkitystä sillä on, mikä sinun nimesi on?
733	8	Otan neuvostasi vaarin ja lähden kun vielä voin.
734	8	Meillä on asioita, olipa siellä tyttö tai ei.
735	8	Tuumin, että yksi mies Texasissa voisi pysäyttää hänet:
736	8	Niin, han katsoo minua voidakseen kaataa kurkkuunsa ryypyn.
737	8	Aamupäivän ajan parlamentti arvosteli komissiota talouden valvonnan tehottomuudesta.
738	8	Sinä vain annat rahasi ja saat sillä sonnisi.
739	8	Näky oli kuin plussa-pallo, jolla oli musta ponihäntä.
740	8	Jos rankaiset minua katoamalla- niin en pidä siitä.
741	8	Häntä on nöyryytetty, eikä hän halua nähdä sinua.
742	8	Luuletteko voivanne huijata minua yhtä helposti kuin adjutanttia?
743	8	Soitan Stenbergille ja sanon, että minulla on seuralainen.
744	8	Aamupäivällä ennen lounasta meillä oli vain kaksi nimenhuutoäänestystä.
745	8	Mutta sitten Harold ei hermoilisi väliin jääneistä harjoituksista.
746	8	Sippel vapautuu huomenna työttömänä, - asunnottomana ja tuettomana.
747	8	Se viini on juotavaa vasta kahden vuoden päästä.
748	8	Minä olen pahoillani Teal'c, mutta se on hyväksymätöntä.
749	8	En ymmärrä miten voitte tietää sen olevan vihollinen.
750	8	Kaikki loppuelämän ihmissuhteemme perustuvat siihen, miten suhtaudumme perheenjäseniimme.
751	8	Ihmishenki ei merkitse heille yhtä paljon kuin meille.
752	8	Valitan, mutta herra Frankenstein ei ole enää oppilaani.
753	8	Minä en ole koskaan ennen ollut näin onnellinen!
754	8	Mowg, mitä sanoisit, jos pyydetään vähän kalaa aamiaiseksi?
755	8	Anteeksi sanamuotoni, sisar, mutta helvetti näyttää olevan valloillaan.
756	8	Olaf, vie ihmiset niin syvälle luolaan kuin mahdollista.
757	8	Aivan, koska tiedämme kuinka pahasti ne voivat silpoa.
758	8	Kanavat ovat auki, mutta ne ovat täysin kuolleet.
759	8	Martin, minä haluan pyytää sinulta jotain ihan typerää.
760	8	Lupaan itselleni joka kerta, etten suostu tähän enää.
761	8	Angelesta tuntuu, että hän on pettänyt minua urastaan.
762	8	Thor hylkäsi meidät koska he tuhosivat hänen vasaransa!
763	8	Nyt teemme sen vain yhdessä Avaruuden rakentajien kanssa.
764	8	Joka tapauksessa, miksi meidän pitäisi ottaa syyt niskoillemme?
765	8	Tulen takaisin luoksesi hyvin pian ja kirjoitan usein.
766	8	Joten, mitä muuta olette menettänyt kuin hiukan ylpeyttänne?
767	8	Näytän, miten sinun pitää käyttäytyä kun menemme ulos.
768	8	Kun Morgan on tappanut heidät minä perin kaiken.
769	8	Oli mahtavaa, että olimme taas ottaneet niskalenkin tappiaisista.
770	8	Kui iso tää maa on?", kysyin viattoman oloisesti.
771	8	Olemme tunteneet toisemme ja olleet ystäviä kokonaisen ihmisiän.
772	8	Toisaalta olette sankari, - sillä pakenitte viidakon läpi.
773	8	Muut eivät hermostu, jos Rebadow sanoo lähettäneensä ne.
774	8	Hän palasi Vietnamista ja tappoi kauppaa pitävän vinosilmäperheen.
775	8	Isä Powersin tapaaminen toisi minulle vain huonoa julkisuutta.
776	8	Jeff, herra Brennanilla ei ole aikaa tuommoisiin hullutuksiin.
777	8	Uffe ja Finian olivat kovasti innoissaan kiipeämässä kalliolle.
778	8	Olen vanha mies, insinööri Alman, minua pitää armahtaa.
779	8	Vaatteet märkinä saavuin vihdoin Knutille ja koputin oveen.
780	8	Tuota, minun mielestäni Teal'c on jo leimattu syylliseksi.
781	8	Katsoimme tarkkaan joka suuntaan nähdäksemme edes pienimpiä elonmerkkejä.
782	8	En osaa edes sanoa kuinka pahalta minusta tuntuu.
783	8	Olen iloinen käynnistänne ja toivon, että näemme jälleen.
784	8	Olihan se tärkeää, että punkerokin pysyisi tilanteen tasalla.
785	8	Puolustus halunnee kuulla, että silminnäkijä on viimeinkin löytynyt.
786	8	Mies ei harjoittanut lakia, vaan piileksi sen takana!
787	8	Siksi Helsingin yliopisto haluaa olla edelläkävijä tasa-arvon kysymyksissä.
788	8	Jos järkeistät talouttasi pitää sinun kenties luopua antiikkikynistä.
789	8	Sukuni miehet ovat ylpeitä, ja uskaltavat uhmata Shogunia.
790	8	Puhuin ajasta, jolloin kylmä sota oli vielä käynnissä.
791	8	Eikä hän aikuistumisen myötä merkittävästi ollut tasoittunut, päinvastoin.
792	8	Arvon rouva, tässä on lista kaikista isäntäni valloituksista.
793	8	Linnani muurit ovat säröillä, ja varjoja on kaikkialla.
794	8	Hän tappoi ramman miehen, joka ei voinut paeta.
795	8	Vaikuttaisi siltä, että me lähtisimme matkaan huomenna aamunkoitteessa.
796	8	Kahden pääosakkaan välillä tuntui olevan tunteisiin perustuvia vaikeuksia.
797	8	Sinulla on sisäistä verenvuotoa, en tiedä kuinka pahasti.
798	8	En ole koskaan kuullut sellaista nimittelyä ja naurua.
799	8	Tulet kokemaan järkytyksen, jollaista et osaa edes kuvitella.
800	8	Autoimme rakkineen ylös ja Naoko jäi sinne hitsailemaan.
801	9	Vanhemmat itsepäisesti halusivat suojella muita, onneksi poika toimi yhteistyössä.
802	9	Sisareni teki kanssasi töitä Fresnossa ja kertoi sinusta kaiken.
803	9	Yksin, sillä sopivan ajan kuluttua minäkin olisin kai saanut...
804	9	Mitä olisit tehnyt, jos kukaan ei olisi lyönyt tarjoustasi?
805	9	He saattoivat olla Contentionissa ja kuulivat kun vuokrasimme vaunut.
806	9	Ensin epäilin Craigiea, mutta hän oli terassilla tykinkuulan pudotessa.
807	9	Äänestettävänä on monia asioita, joten toivon teidän suhtautuvan ymmärtäväisesti.
808	9	Onko olemassa kylmä sota sinkkujen ja naimisissa olevien välillä?
809	9	Se tehdään härän vatsasta, ja se on sinulle hyväksi.
810	9	Tuo suriseva ääni tarkoittaa jotain pahaa, mutta en muista...
811	9	Mistä se voi johtua, sano sinä, kun olet lääkäri.
812	9	Ei ole enää sellaista pysyvyyden tunnetta kuin ennen sotaa.
813	9	Mielummin Talmudic vain hän joka on väärässä voi anteeksiantaa.
814	9	Tiesin kai Thurmanin syyllisyydestä mutta sitähän ei saa ajatella.
815	9	Pakotie oli joen toisella puolella, mutta en omistanut autoa.
816	9	Hän teeskenteli olevansa minä, ja minä teeskentelin olevani hän.
817	9	Onko ihan varmaa, että sinulla ei ole mitään kerrottavaa?
818	9	Saavutimme pian ylängön reunan, sen takana oli vain merta.
819	9	Nyt kun katson periskooppiin, se näyttää etäisyyden ja vauhdin.
820	9	Hän on tunkeutunut alueelleni, ja se on täysin väärin.
821	9	Jos he eivät vielä ole laulaneet, he laulavat nyt.
822	9	Nyt valaistu laite on kellutusyksikkö joka on yksi suosikeistani.
823	9	Pyörin ja kääntyilen sen asian tiimoilla vielä jonkin aikaa.
824	9	Kissan kylmissä keltasilmissä on jotain, - mikä karmii selkäpiitä.
825	9	Tämä on kuva Neitsyestä, joka kuulee tulevansa Jumalan äidiksi
826	9	Joni puuskutti paikalle, mutta siellä ei näyttänyt olevan ketään.
827	9	Eversti, meillä on vielä hetki aikaa ennen seremonian alkua.
828	9	Täytyy olla kökkä kala, jos meinaa Puupään onkeen tarttua.
829	9	Mutta me noudatamme käskyjä kuten meidät on koulutettu tekemään.
830	9	Parasta lipussa oli se, että se oli Raivon suunnittelema.
831	9	Ja jos sinulla on tosi nälkä: ihanalta tuoksuvia suklaapannukakkuja.
832	9	En pyytänyt mitään, en odottanut mitään enkä saanut mitään.
833	9	Jos sitä ei estetä, se tappaa satoja, jopa tuhansia!
834	9	Goa'uldit ovat siellä, - eikä asukkaista ole heille vastusta.
835	9	Muut on tunnistettu mutta se poika tippui kai taivaasta.
836	9	Kyllä kyllä, uskon, että Jenningsillä on suunnitelma, mutta pakenemisesta?
837	9	Jos tapaisit pojan, joka pelaa vaarallista peliä muiden hengillä.
838	9	Angolalla on suunnattomat varat, suunnattomat lahjat ja suunnaton toivo.
839	9	Ei ollut ketään, kenestä olisin pitänyt, koska tytöt haisevat.
840	9	Eihän tämä ollut mitä halusit, mutta kolusimme kaupungin läpi.
841	9	Ota esimerkiksi vanhus, joka asui alakerrassa ja kuuli kaiken.
842	9	Mitä enemmän puhut, sitä nopeammin löydän ja syön sinut.
843	9	Mutta onko kukaan tässä huoneessa asunut tuollaisen junaradan lähellä?
844	9	Voin puhua Ericille asioista, joista en voi puhua sinulle.
845	9	Syytetyn penkillä on istunut kuninkaita, ministereitä, piispoja, jopa asianajajia.
846	9	Eikö ole turhan aikaista tytölle, joka ei juo illallakaan?
847	9	Luuletko että voit löytää... jonkun kielen jolla voimme kommunikoida..
848	9	Ratkaiskaa riimujen arvoitus, - niin näytän teille todellisen mahtini.
849	9	Hoidan sitä paremmin kuin sinä, mutta se ei syö.
850	9	Paremminkin olisi voinut mennä, mutta meillä on sentään joukkue.
851	9	Me olemme tekemässä historiaa - me olemme kirjaimellisesti tulevaisuus.
852	9	Tai siksi, että se oltaisiin katsottu turvattoman vanhuksen kiusaamiseksi.
853	9	Ehkäpä juuri siksi Mysteerimieskin ehdotti juuri sen aluksen kähveltämistä.
854	9	Minusta on tullut se hirviö... joka teistä piti tulla.
855	9	Jos he ovat köyhiä, miksemme anna heille puolta ruoastamme?
856	9	Itsenäisyysjulistuksen tekijöitäkään ei voitu, - eikä minuakaan voi aivopestä.
857	9	Kutsu viidakon väki ja pyydä heitä tapaamaan minut joella.
858	9	Tiedät että olen tosissani eikä tämä ole mitään hysteriaa.
859	9	Sen takia kirjoitetaan kirjoja- perustetaan uskontoja ja pyritään presidentiksi.
860	9	Tyttösi raiskattiin ja hakattiin, ja te kostitte sen minulle.
861	9	Ensin tosi huonosti, nyt menee paremmin, koska vanhemmat vapautettiin.
862	9	Kun katsot tyttöä suoraan silmiin, näet, tunteeko hän jotain.
863	9	Siksi mietin, josko ennen häippäämistäsi kirjoittaisit minulle kirjeen äidilleni.
864	9	Äänestääkö hän nyt euroon liittymisen puolesta, kuten minäkin teen?
865	9	Pelastimme tuon mulkun hengen, ja hän tekee meille väijytyksen.
866	9	Se näytti aikaa, jolloin Mysteerimies sanoi meidän saapuvan Ventukselle.
867	9	Kesä on tietysti talvea parempi kun ei tarvitse palella.
868	9	Ìinun on Éoydettava huomenna joku, joka voi ottaa paikkasi.
869	9	Ei, idea on hyvä, mutta en pääse tänään iltapäivällä.
870	9	Olen asunut naisten kanssa sen verran, että ymmärrän asioita
871	9	En välitä siitä, mitä kaverisi ajattelevat minusta, tai sinä.
872	9	Ei tunnu hyvältä, että työskentelet yksin niin laajalla alueella.
873	9	Yliopistolla on eri henkilöstöryhmien ja opiskelijoiden edustukseen rakentuvat päätöksentekoelimet.
874	9	Brubeck ja Desmond ovat vieneet dissonanssin aivan riittävän pitkälle.
875	9	Se on niin kauan hauskaa, kunnes joltain puhkeaa silmä.
876	9	Otin pari snapsia liikaa, ja minulla alkaa heittää kännissä.
877	9	Ja jollen minä löydä sitä oliota, sinä teet sen.
878	9	Äänestämme mietinnöstä tyhjää, sillä parlamentin edessä on ratkaisematon ongelma.
879	9	Äänestämme tietenkin tätä mietintöä vastaan, mutta se ei riitä.
880	9	Mutta muista, taikominen ei ole vain hauskaa ja leikkiä.
881	9	Oikeastaan tässä tapauksessa heillä on paremmat mahdollisuudet kuin meillä.
882	9	Joka meinaa markan tienata, sen pitää kaks uskaltoo menettää.
883	9	Tuntemani miehet - ja olen tuntenut heitä tusinoittain -
884	9	Hänenhän pitäisi olla elossa, ei kuolleena mätänevien ruhojen keskellä.
885	9	Hoida sinä omat asiasi ja anna minun hoitaa omani.
886	9	Voit tulla käymään luonani, ja minä voin käydä täällä.
887	9	Toivottavasti Bat palaa apulaisten kanssa ennen kuin cowboyt tulevat.
888	9	Kuule, Sean - en usko, että tästä tulee mitään.
889	9	Ei ole minun vikani, että miehesi on tylsä sängyssä.
890	9	En vain nähnyt mitään muuta toimintatapaa, kuin luottaa Mysteerimieheen.
891	9	Ja kun sota on ohi, aseet ovat edelleen käytettävissä.
892	9	Murhasittepa lesken tai ette, pelastitte ainakin ikääntyvän asianajajan hengen.
893	9	Huoneessa oli pilkkopimeää ja jouduimme käyttämään lamppujamme valaistaksemme sen.
894	9	Osan oli jäätävä riutuvalle planeetalle, muuta heitäkään ei unohdettaisi.
895	9	Tiesin, että hän tekisi jotakin, mutta en tiennyt mitä.
896	9	Jos pelaisimme tosissamme - minun olisi vilkaistava tuota pakkaa.
897	9	Se pesee tehokkaasti, - mutta on silti hellävarainen vaatteille.
898	9	Tehtävämme on tutkia miten elämä säilyy ja kukoistaa siellä.
899	9	Elämä on rankkaa, jos siihen ei saa kunnon eväitä.
900	9	Äänestän mietintöä vastaan kannattamieni ekologian ja rauhan periaatteiden mukaisesti.
901	10	Siihen hän kuoli ja jätti minut ja vajaan veljeni yksin.
902	10	Elokuvaesitys keskeytetään niiden vuoksi, - jotka ovat innokkaita television katsojia.
903	10	Kuljin olohuoneen ohi ja kuulin syytetyn puhuvan rouva Frenchin kanssa.
904	10	Hän on täynnä mehuja ja vain odottaa ison kihon puserrusta.
905	10	Äänestimme tyhjää päätöslauselmaa koskevassa äänestyksessä, koska vastustamme joitakin sen kohtia.
906	10	Jos tiedät Marlowen olinpaikan, - saat tuplaylennyksen ja ehkä palkankorotuksen.
907	10	Sinulla on yksi polvi kipeänä, mutta minulla on molemmissa vettä.
908	10	Miksi hän ensin pyysi minut kalaan ja alkoi sitten kettuilla?
909	10	Äänestän tämän tekstin puolesta edellyttäen, ettei sitä muuteta merkittävästi tarkistuksilla.
910	10	Pian saavuimme Polohan kohdalle ja näin kaupungin ikkunasta entistä tarkemmin.
911	10	Rakastan häntä, mutta haluan vielä olla vapaa ja pitää hauskaa.
912	10	En usko, että hän haluaa lähteä kaupungista, kun olemme täällä.
913	10	Leikkii kohtalon pitkä leikki on, aina alkaa se taas uudestaan
914	10	Jos ette pysty näkemään eroa, en aio selittää sitä teille.
915	10	Ainoana sinkkulakimiehenä hänen firmassaan, Miranda oli saanut tälle asialle todisteita.
916	10	Amsterdamin sopimus on hyvin vaatimaton ja siitä voimme olla iloisia.
917	10	Äänestin mietinnön puolesta talousasioiden valiokunnassa, jotta se voitaisiin ottaa esityslistalle.
918	10	Minut yllättää se, että kollegani tiedustelee todistajan mielipidettä eikä tosiasioita.
919	10	Voimme silloin alkaa neuvotella siitä, saammeko päätöstä aikaiseksi vai emme.
920	10	Sain kuin sainkin vaatteet niskaan ja pamautin oven auki napista.
921	10	Minä en varmaan oikein ymmärtänyt, kun kysyitte minulta, olenko nainen.
922	10	Jos saisimme nähdä ne, voisimme tutkia, miten relevantteja ne ovat.
923	10	Suomen viranomaiset ovat pitkin syksyä valmistautuneet erilaisia mahdollisia tapahtumakulkuja varten.
924	10	Tämän saavuttamiseksi yliopistossa on vallittava työrauha ja työhyvinvointia on vahvistettava.
925	10	En kärsi yhtään tappiota, ellei taivas putoa tai maa halkea.
926	10	Tiedän myös, että olemme kahden täällä, - missä sitten olemmekin.
927	10	Luuletko, että kahdeksan miljoonan amerikkalaisen kuolema - riittää huomion saamiseen?
928	10	Toivottavasti, koska minulla on treffit perjantaina enkä voi käyttää näitä.
929	10	Tavata joku, joka ei vain tule teatteriin vaan antautuu sille.
930	10	Älkää kännätkö ja mekkaloiko, koska sillä tavalla voi päästä hengestään.
931	10	On myös toinen tärkeä päätös, jota ei voi enää lykätä.
932	10	Jos on jotain ilmoitettavaa, - kirjoittakaa nimenomaan osoitteella johtaja Leino.
933	10	Minä löysin taikakolmion ja tuo ahne mulkvisti vei sen minulta.
934	10	Minulla on ilo ja kunnia saada toimittaa terveiseni jumaliemme alkukotiin.
935	10	Siten hänen lausuntonsa on pätevä, ja teidän pitää harkita sitä.
936	10	Luuletko että meidän pitäisi pysähtyä - ja hakea kuumaa kaakaota?
937	10	Äänestämme tätä sopimusta vastaan, koska haluamme ilman muuta paremman sopimuksen.
938	10	Herran tähden, kuulin joidenkin puhuvan sinusta - ja syyttävän laittomuuksista.
939	10	Äänestämme siis sen tarkistuksen puolesta, jossa vaaditaan koko mietinnön hylkäämistä.
940	10	Pysyt vieraanamme tässä paikassa... vain yhdellä tapaa, kaveri, maksamalla ajallaan.
941	10	Olen onnekkain tyttö - kun olen löytänyt näin ihmeellisen aviomiehen.
942	10	Kun he löytävät Ricon, hän ei pääse juhlapäivälliselle vaan ruumiinvalvojaisiin.
943	10	Jos päätätte tulla meille töihin - soittakaa minulle suoraan tehtaalle.
944	10	Jos olisitte Saiton alainen, tekisittekö parhaanne, vai jättäisittekö hänet kuolemaan?
945	10	Se voi tarkoittaa portilla ollutta laitetta - tai jopa vasaraa.
946	10	Kun he yrittivät tappaa nuoren merimiehen - he synnyttivät kostajan.
947	10	Miranda mietti, kuinka paljon helpompaa elämä olisi, jos eläisi parisuhteessa.
948	10	Sanoit, että rakastan kalliita asioita, turkiksia, timantteja ja sen sellaista.
949	10	Mutta voittehan lähteä juoksemaan nyt, jos haluatte tehdä siitä kiinnostavan.
950	10	Menen hakemaan lisää chiliä ja pullon samppanjaa, niin voimme juhlia.
951	10	Minulla on pikku yllätys... jota en ole kertonut Billylle vielä.
952	10	Voisitteko siivota tekstiä hieman ja kertoa minulle mitä siinä sanotaan?
953	10	Kuten muiden siviilien sodassa, minunkin täytyi opetella ajattelemaan toisella tavalla.
954	10	Oletko sitä mieltä, että jos rikkoo lupauksen, on pyydettävä anteeksi?
955	10	En halua enää palella kentän laidalla, kun Harry pelaa rugbya
956	10	En minäkään ole nähnyt sinunlaistasi ihmistä, joten olemme kai tasoissa.
957	10	Amsterdamin sopimuksessa on kauniita sanoja avoimuudesta, kestävästä kehityksestä ja työllisyydestä.
958	10	Minun tarvitsee vain soittaa puhelu ja saamme hyvät liput huomiseksi.
959	10	Lopuksi hän alleviivasi sitä, että meidän on saatava rotuerottelu arkkiin.
960	10	Sinulla on enemmän syytä kuin meillä muilla sen sukellusveneen hoitamiseen.
961	10	Painakaa tätä, jos haluatte ylös, ja tätä, jos haluatte alas.
962	10	Olemme yhtä mieltä siitä, että juna ohitti naisen kymmenessä sekunnissa.
963	10	Ja nyt se ählämi änkee meille kylälle mun lapsen kaa.
964	10	Sitten nämä ovat sen Goa'uldin muistoja, joka nukkuu nyt sisälläsi.
965	10	Minä yritän, ― mutta itse asiassa en halua hänen apuaan
966	10	T niin kuin turtaa ja tahmeaa, - tyhmää ja tappavaa.
967	10	En tiiä, mitä näin", yritin epätoivoisesti valehdella itseni turvaan tilanteesta.
968	10	Eikä hänen poikansa riko niitä, koska olen hänen ainoa lapsensa.
969	10	Elämäni on ollut täynnä kovaa työtä ja olen kiitollinen siitä.
970	10	Vaarojakin voi olla... mutta jos pidätte kiinni päämääristänne ja ihanteistanne...
971	10	Se oli niin hyvä ja pitkä tauko, että olin epävarma.
972	10	Lonkeroisia oli kaikkialla, ne kurottautuivat yhä lähemmäs ja lähemmäs lonkeroillaan.
973	10	Sinä olet nuori ja seksikäs, ja isähän on vain mies.
974	10	Äänestimme kuitenkin tyhjää, sillä mietinnössä hukattiin tilaisuus puuttua vakavaan ongelmaan.
975	10	Kuuntele, kun puolet yhtälöstä puuttuu kyse ei ole enää rakkaudesta.
976	10	En kyllä rupea koko päivää kotona kykkimään mokoman asian takia.
977	10	Katossa on halkeama, ― joka näyttää aivan naiselta päivänvarjon kera
978	10	Raivo ei ollut kovinkaan luottavaisin mielin, hän epäili miehen sanoja.
979	10	Katsoin kysyvästi Victoriin päin, mutta näin hänen katselevan ulos ikkunasta.
980	10	Lähetin juuri sähkeen kertoakseni - että ajattelen sinua tänään, juhlapäivänäsi.
981	10	Sanonpahan vain että jos tietäisit, mistä jäät paitsi, tappaisit itsesi.
982	10	Suokaa anteeksi uteliaisuuteni, - mutta mikä on teidän osuutenne asiassa?
983	10	Vaikka kaikki ympärillämme tuhoutuisi, meillä olisi silti toisemme ja Annabelle.
984	10	Äänestimme eilen tällaista taloudellista protektionismia vastaan, ja teemme samoin tänään.
985	10	Luotaimen kuvasta he näkisivät vain sulaneen arkin ja mylvivän puuhirviön.
986	10	Vaikka Willard naikin teidät rahojenne vuoksi, hän kuitenkin nai teidät.
987	10	Jos en nyt avioidu kanssasi, voi olla, ettei niin käykään.
988	10	Minäkin uskoin joella yhtä ja toista, - mutta varmaankin erehdyin.
989	10	Olemme asentaneet taajuus vaimentimia jotka vaimentavat sen vain pieneen tärähtelyyn.
990	10	Se oli hyvä opetus, mutta toivoin, ettei sitä tarvitsisi käyttää.
991	10	No, minusta sinä ansaitset palkinnon kun olet ahertanut noin hyvin.
992	10	Ystävät, tämän tikarin avulla - todellisuuteni muuttuu niin paljon vakaammaksi.
993	10	Kerroin, mikä päivä tänään on, ja he halusivat onnitella sinua.
994	10	Kun olimme kaikki kolme laskeutuneet tikkaat alas, aloimme tutkailemaan ympäristöämme.
995	10	Äänestämättä jättävien kasvavan määrän pitäisi olla meille vakavasti otettava varoitus.
996	10	Äänestin jo aiemmin kiireellisistä aiheista käydyn keskustelun yhteydessä tuomitsemisen puolesta.
997	10	Vien sen kirjastoon, jos vaikka saisimme selville mistä se tuli.
998	10	Minulla on ydinvoimasuunnitelmia, jotka mullistaisivat elämän - ja mahdollistaisivat utopioita.
999	10	Olen asiaa harkittuani sitä mieltä, että Milhouse varmaan söi ruuat.
1000	10	Olette hieman myöhässä, herra Ferrante, ja meidän on aloitettava ohjelma.
